shipment_id,split
SHP-105360,training
SHP-101541,training
SHP-103729,training
SHP-100824,training
SHP-104922,training
SHP-103554,training
SHP-105138,training
SHP-100578,training
SHP-102784,training
SHP-101787,training
SHP-103453,training
SHP-103742,training
SHP-101848,training
SHP-105179,training
SHP-105982,training
SHP-100199,training
SHP-101946,training
SHP-105197,training
SHP-104154,training
SHP-104676,training
SHP-102488,training
SHP-100288,training
SHP-102322,training
SHP-104893,training
SHP-104592,training
SHP-104988,training
SHP-101928,training
SHP-101760,training
SHP-100139,training
SHP-105769,training
SHP-103857,training
SHP-104911,training
SHP-103550,training
SHP-104199,training
SHP-104207,training
SHP-101866,training
SHP-102148,training
SHP-101464,training
SHP-105791,training
SHP-104493,training
SHP-102385,training
SHP-102622,training
SHP-104717,training
SHP-104461,training
SHP-100228,training
SHP-105715,training
SHP-100687,training
SHP-103526,training
SHP-105936,training
SHP-104886,training
SHP-101567,training
SHP-105675,training
SHP-100747,training
SHP-101144,training
SHP-104379,training
SHP-103966,training
SHP-101037,training
SHP-102709,training
SHP-103904,training
SHP-101087,training
SHP-101243,training
SHP-103303,training
SHP-100814,training
SHP-104889,training
SHP-104890,training
SHP-101840,training
SHP-101519,training
SHP-101048,training
SHP-101416,training
SHP-101483,training
SHP-102353,training
SHP-103934,training
SHP-105697,training
SHP-104494,training
SHP-101516,training
SHP-101821,training
SHP-104255,training
SHP-102764,training
SHP-102066,training
SHP-100092,training
SHP-104772,training
SHP-100555,training
SHP-105528,training
SHP-102944,training
SHP-103004,training
SHP-102556,training
SHP-100005,training
SHP-103944,training
SHP-103314,training
SHP-101128,training
SHP-105278,training
SHP-101121,training
SHP-104018,training
SHP-105315,training
SHP-105856,training
SHP-101785,training
SHP-102254,training
SHP-100575,training
SHP-102973,training
SHP-100068,training
SHP-103897,training
SHP-102539,training
SHP-105498,training
SHP-101708,training
SHP-102939,training
SHP-102514,training
SHP-101035,training
SHP-100728,training
SHP-104640,training
SHP-101559,training
SHP-103374,training
SHP-103470,training
SHP-104842,training
SHP-102981,training
SHP-105347,training
SHP-102730,training
SHP-103641,training
SHP-102739,training
SHP-101348,training
SHP-100355,training
SHP-101432,training
SHP-104033,training
SHP-103305,training
SHP-103482,training
SHP-101101,training
SHP-105954,training
SHP-100692,training
SHP-100135,training
SHP-104163,training
SHP-101315,training
SHP-105810,training
SHP-100289,training
SHP-105322,training
SHP-103767,training
SHP-103255,training
SHP-100550,training
SHP-104604,training
SHP-102949,training
SHP-102513,training
SHP-103293,training
SHP-102865,training
SHP-102716,training
SHP-104652,training
SHP-102387,training
SHP-101141,training
SHP-102550,training
SHP-101091,training
SHP-101350,training
SHP-104809,training
SHP-101147,training
SHP-105618,training
SHP-105625,training
SHP-103189,training
SHP-101666,training
SHP-103544,training
SHP-103218,training
SHP-103728,training
SHP-103463,training
SHP-104358,training
SHP-101938,training
SHP-104664,training
SHP-100723,training
SHP-102989,training
SHP-103976,training
SHP-104286,training
SHP-101786,training
SHP-100157,training
SHP-102473,training
SHP-102879,training
SHP-100879,training
SHP-104370,training
SHP-103013,training
SHP-100014,training
SHP-104353,training
SHP-103509,training
SHP-101470,training
SHP-104455,training
SHP-101935,training
SHP-102577,training
SHP-103339,training
SHP-100998,training
SHP-100028,training
SHP-104264,training
SHP-100691,training
SHP-104788,training
SHP-102351,training
SHP-103620,training
SHP-102706,training
SHP-105391,training
SHP-103928,training
SHP-100094,training
SHP-104180,training
SHP-101812,training
SHP-105105,training
SHP-101750,training
SHP-100446,training
SHP-105139,training
SHP-103260,training
SHP-104240,training
SHP-100440,training
SHP-102089,training
SHP-103176,training
SHP-101104,training
SHP-101804,training
SHP-105345,training
SHP-101688,training
SHP-105121,training
SHP-101255,training
SHP-101008,training
SHP-100659,training
SHP-104055,training
SHP-105628,training
SHP-102653,training
SHP-102124,training
SHP-103610,training
SHP-100299,training
SHP-105482,training
SHP-100652,training
SHP-103150,training
SHP-101233,training
SHP-102467,training
SHP-105055,training
SHP-101296,training
SHP-104449,training
SHP-101248,training
SHP-104045,training
SHP-105122,training
SHP-102157,training
SHP-102343,training
SHP-105117,training
SHP-103715,training
SHP-104115,training
SHP-105702,training
SHP-103007,training
SHP-102181,training
SHP-102722,training
SHP-105398,training
SHP-103028,training
SHP-104191,training
SHP-105726,training
SHP-104745,training
SHP-104068,training
SHP-104351,training
SHP-104870,training
SHP-104196,training
SHP-101839,training
SHP-103603,training
SHP-103508,training
SHP-102196,training
SHP-101122,training
SHP-102664,training
SHP-102686,training
SHP-104301,training
SHP-105227,training
SHP-101287,training
SHP-104158,training
SHP-100052,training
SHP-101531,training
SHP-100182,training
SHP-102777,training
SHP-105588,training
SHP-103061,training
SHP-100777,training
SHP-104390,training
SHP-100496,training
SHP-105861,training
SHP-105127,training
SHP-102294,training
SHP-101876,training
SHP-104644,training
SHP-105491,training
SHP-103322,training
SHP-101615,training
SHP-103763,training
SHP-100568,training
SHP-104948,training
SHP-101756,training
SHP-101325,training
SHP-100943,training
SHP-100719,training
SHP-103338,training
SHP-104524,training
SHP-103516,training
SHP-100321,training
SHP-103092,training
SHP-105201,training
SHP-101153,training
SHP-105036,training
SHP-101019,training
SHP-105018,training
SHP-102095,training
SHP-101632,training
SHP-102085,training
SHP-106000,training
SHP-103357,training
SHP-105054,training
SHP-104760,training
SHP-103055,training
SHP-105067,training
SHP-101369,training
SHP-103838,training
SHP-100380,training
SHP-101509,training
SHP-103806,training
SHP-105016,training
SHP-103209,training
SHP-101224,training
SHP-101603,training
SHP-100235,training
SHP-101219,training
SHP-105327,training
SHP-103573,training
SHP-101352,training
SHP-101561,training
SHP-102562,training
SHP-103225,training
SHP-101231,training
SHP-101383,training
SHP-100002,training
SHP-101178,training
SHP-103261,training
SHP-101784,training
SHP-103997,training
SHP-104119,training
SHP-104549,training
SHP-103869,training
SHP-100155,training
SHP-104009,training
SHP-100561,training
SHP-105168,training
SHP-100874,training
SHP-103390,training
SHP-103048,training
SHP-102430,training
SHP-101525,training
SHP-100261,training
SHP-105950,training
SHP-100347,training
SHP-101577,training
SHP-101884,training
SHP-105814,training
SHP-103243,training
SHP-100770,training
SHP-102620,training
SHP-105399,training
SHP-100151,training
SHP-102786,training
SHP-101739,training
SHP-104867,training
SHP-100107,training
SHP-105442,training
SHP-100919,training
SHP-103530,training
SHP-103052,training
SHP-105059,training
SHP-102468,training
SHP-102885,training
SHP-104202,training
SHP-102469,training
SHP-100132,training
SHP-102993,training
SHP-100689,training
SHP-102134,training
SHP-104174,training
SHP-105392,training
SHP-100570,training
SHP-100603,training
SHP-105722,training
SHP-100212,training
SHP-103219,training
SHP-104417,training
SHP-103502,training
SHP-103527,training
SHP-102898,training
SHP-102300,training
SHP-103188,training
SHP-101557,training
SHP-100016,training
SHP-102246,training
SHP-103221,training
SHP-100400,training
SHP-100386,training
SHP-103503,training
SHP-101125,training
SHP-104084,training
SHP-104673,training
SHP-105081,training
SHP-100489,training
SHP-102904,training
SHP-102814,training
SHP-104356,training
SHP-105458,training
SHP-101534,training
SHP-101973,training
SHP-100924,training
SHP-100065,training
SHP-104569,training
SHP-104349,training
SHP-103768,training
SHP-102129,training
SHP-103800,training
SHP-100260,training
SHP-105598,training
SHP-101473,training
SHP-105854,training
SHP-105432,training
SHP-105969,training
SHP-105402,training
SHP-104849,training
SHP-105559,training
SHP-102893,training
SHP-102663,training
SHP-102061,training
SHP-100540,training
SHP-102393,training
SHP-103392,training
SHP-102258,training
SHP-100179,training
SHP-101417,training
SHP-103952,training
SHP-102361,training
SHP-102917,training
SHP-100734,training
SHP-105551,training
SHP-100642,training
SHP-101870,training
SHP-103410,training
SHP-102646,training
SHP-105009,training
SHP-100393,training
SHP-105938,training
SHP-101195,training
SHP-101950,training
SHP-102213,training
SHP-103127,training
SHP-100819,training
SHP-105604,training
SHP-101497,training
SHP-105608,training
SHP-104405,training
SHP-103070,training
SHP-100137,training
SHP-103066,training
SHP-101093,training
SHP-104331,training
SHP-103695,training
SHP-104776,training
SHP-103812,training
SHP-100566,training
SHP-105173,training
SHP-103099,training
SHP-104141,training
SHP-104713,training
SHP-103889,training
SHP-103384,training
SHP-105692,training
SHP-103464,training
SHP-102270,training
SHP-105508,training
SHP-105356,training
SHP-104657,training
SHP-103613,training
SHP-103137,training
SHP-104242,training
SHP-105323,training
SHP-104985,training
SHP-105075,training
SHP-102913,training
SHP-105756,training
SHP-104957,training
SHP-105154,training
SHP-105910,training
SHP-102713,training
SHP-103782,training
SHP-102292,training
SHP-101045,training
SHP-101578,training
SHP-105595,training
SHP-100427,training
SHP-105354,training
SHP-102020,training
SHP-104551,training
SHP-100853,training
SHP-105299,training
SHP-104525,training
SHP-100669,training
SHP-103586,training
SHP-105119,training
SHP-105234,training
SHP-100658,training
SHP-105109,training
SHP-105403,training
SHP-104633,training
SHP-101308,training
SHP-100150,training
SHP-100870,training
SHP-105430,training
SHP-104263,training
SHP-104183,training
SHP-102624,training
SHP-102054,training
SHP-100732,training
SHP-102330,training
SHP-100456,training
SHP-104022,training
SHP-102098,training
SHP-101612,training
SHP-100539,training
SHP-105377,training
SHP-105425,training
SHP-102994,training
SHP-104697,training
SHP-103208,training
SHP-104880,training
SHP-100984,training
SHP-101159,training
SHP-100274,training
SHP-105908,training
SHP-104570,training
SHP-102151,training
SHP-104030,training
SHP-102475,training
SHP-103401,training
SHP-101410,training
SHP-100702,training
SHP-100073,training
SHP-103905,training
SHP-103654,training
SHP-101194,training
SHP-100567,training
SHP-105701,training
SHP-105308,training
SHP-104090,training
SHP-103884,training
SHP-103579,training
SHP-104334,training
SHP-105359,training
SHP-101400,training
SHP-103785,training
SHP-102751,training
SHP-103277,training
SHP-103493,training
SHP-102744,training
SHP-104807,training
SHP-102512,training
SHP-103344,training
SHP-103050,training
SHP-105990,training
SHP-100709,training
SHP-102188,training
SHP-103611,training
SHP-103551,training
SHP-101130,training
SHP-103638,training
SHP-105837,training
SHP-104675,training
SHP-101506,training
SHP-100933,training
SHP-103288,training
SHP-100859,training
SHP-103118,training
SHP-100548,training
SHP-102079,training
SHP-105699,training
SHP-102169,training
SHP-104254,training
SHP-102192,training
SHP-105293,training
SHP-100604,training
SHP-103515,training
SHP-103353,training
SHP-104218,training
SHP-101678,training
SHP-103106,training
SHP-103793,training
SHP-100759,training
SHP-100796,training
SHP-100991,training
SHP-101299,training
SHP-105754,training
SHP-101764,training
SHP-103642,training
SHP-105020,training
SHP-104708,training
SHP-101496,training
SHP-105411,training
SHP-101415,training
SHP-101281,training
SHP-104445,training
SHP-105980,training
SHP-103180,training
SHP-103555,training
SHP-101608,training
SHP-101290,training
SHP-102397,training
SHP-103394,training
SHP-105902,training
SHP-104905,training
SHP-102891,training
SHP-100978,training
SHP-104161,training
SHP-105341,training
SHP-104398,training
SHP-100071,training
SHP-102654,training
SHP-105385,training
SHP-104025,training
SHP-100471,training
SHP-103845,training
SHP-104281,training
SHP-104801,training
SHP-100175,training
SHP-100035,training
SHP-100027,training
SHP-105436,training
SHP-103558,training
SHP-101388,training
SHP-102388,training
SHP-105637,training
SHP-101650,training
SHP-103770,training
SHP-103873,training
SHP-104552,training
SHP-104086,training
SHP-105679,training
SHP-104453,training
SHP-103833,training
SHP-103920,training
SHP-101460,training
SHP-105862,training
SHP-102452,training
SHP-100565,training
SHP-104250,training
SHP-105410,training
SHP-101222,training
SHP-105467,training
SHP-100878,training
SHP-102734,training
SHP-104768,training
SHP-102914,training
SHP-102592,training
SHP-105419,training
SHP-100186,training
SHP-105871,training
SHP-101481,training
SHP-104607,training
SHP-102208,training
SHP-103387,training
SHP-101374,training
SHP-104248,training
SHP-105270,training
SHP-102229,training
SHP-100515,training
SHP-105777,training
SHP-102211,training
SHP-104826,training
SHP-103443,training
SHP-105937,training
SHP-104832,training
SHP-101540,training
SHP-105890,training
SHP-105742,training
SHP-101878,training
SHP-105847,training
SHP-105337,training
SHP-103608,training
SHP-102733,training
SHP-101452,training
SHP-100205,training
SHP-100009,training
SHP-105995,training
SHP-103215,training
SHP-102746,training
SHP-103932,training
SHP-100284,training
SHP-104473,training
SHP-100726,training
SHP-100854,training
SHP-105182,training
SHP-104954,training
SHP-101533,training
SHP-103095,training
SHP-103037,training
SHP-104402,training
SHP-101266,training
SHP-103257,training
SHP-102022,training
SHP-101978,training
SHP-102659,training
SHP-102432,training
SHP-103953,training
SHP-104975,training
SHP-100954,training
SHP-103919,training
SHP-100838,training
SHP-103226,training
SHP-103072,training
SHP-105562,training
SHP-103248,training
SHP-105666,training
SHP-103325,training
SHP-101234,training
SHP-101651,training
SHP-101376,training
SHP-102463,training
SHP-105202,training
SHP-103681,training
SHP-100788,training
SHP-101982,training
SHP-105818,training
SHP-101872,training
SHP-102201,training
SHP-104052,training
SHP-104051,training
SHP-101422,training
SHP-100459,training
SHP-103185,training
SHP-105176,training
SHP-104442,training
SHP-101027,training
SHP-103959,training
SHP-100458,training
SHP-104279,training
SHP-100584,training
SHP-105231,training
SHP-103079,training
SHP-105510,training
SHP-101007,training
SHP-104775,training
SHP-101940,training
SHP-104566,training
SHP-104465,training
SHP-102417,training
SHP-102313,training
SHP-104410,training
SHP-101409,training
SHP-100436,training
SHP-104272,training
SHP-102364,training
SHP-100637,training
SHP-104802,training
SHP-105056,training
SHP-101826,training
SHP-102083,training
SHP-102465,training
SHP-102836,training
SHP-105520,training
SHP-104794,training
SHP-101139,training
SHP-103973,training
SHP-100697,training
SHP-102925,training
SHP-100836,training
SHP-103021,training
SHP-100102,training
SHP-103678,training
SHP-101594,training
SHP-100810,training
SHP-100743,training
SHP-102324,training
SHP-101992,training
SHP-104663,training
SHP-105555,training
SHP-103829,training
SHP-100221,training
SHP-100885,training
SHP-104629,training
SHP-101723,training
SHP-102423,training
SHP-102868,training
SHP-103133,training
SHP-102187,training
SHP-103760,training
SHP-105017,training
SHP-104306,training
SHP-103636,training
SHP-101140,training
SHP-100916,training
SHP-105283,training
SHP-104900,training
SHP-103361,training
SHP-100751,training
SHP-103877,training
SHP-101502,training
SHP-101843,training
SHP-104472,training
SHP-104308,training
SHP-104716,training
SHP-100323,training
SHP-101686,training
SHP-103444,training
SHP-101444,training
SHP-105978,training
SHP-103791,training
SHP-103888,training
SHP-104784,training
SHP-102866,training
SHP-103525,training
SHP-100645,training
SHP-100990,training
SHP-102924,training
SHP-102574,training
SHP-102094,training
SHP-103399,training
SHP-100433,training
SHP-100846,training
SHP-104766,training
SHP-101668,training
SHP-105035,training
SHP-105480,training
SHP-104577,training
SHP-104016,training
SHP-101597,training
SHP-102618,training
SHP-103204,training
SHP-103307,training
SHP-100131,training
SHP-101860,training
SHP-101164,training
SHP-105305,training
SHP-102024,training
SHP-101835,training
SHP-101263,training
SHP-105775,training
SHP-102230,training
SHP-100834,training
SHP-103531,training
SHP-102628,training
SHP-101431,training
SHP-101077,training
SHP-105629,training
SHP-102372,training
SHP-101551,training
SHP-101070,training
SHP-105732,training
SHP-100024,training
SHP-104969,training
SHP-100153,training
SHP-104844,training
SHP-104014,training
SHP-102894,training
SHP-104335,training
SHP-104075,training
SHP-100930,training
SHP-105831,training
SHP-101484,training
SHP-103713,training
SHP-102240,training
SHP-105192,training
SHP-102798,training
SHP-101395,training
SHP-100169,training
SHP-104937,training
SHP-105634,training
SHP-101863,training
SHP-103132,training
SHP-104590,training
SHP-103520,training
SHP-105113,training
SHP-102033,training
SHP-101845,training
SHP-105264,training
SHP-102268,training
SHP-104431,training
SHP-102854,training
SHP-100829,training
SHP-100944,training
SHP-100297,training
SHP-102446,training
SHP-100787,training
SHP-103625,training
SHP-103490,training
SHP-101604,training
SHP-104712,training
SHP-101411,training
SHP-101705,training
SHP-100146,training
SHP-105698,training
SHP-105311,training
SHP-102371,training
SHP-100160,training
SHP-100106,training
SHP-103156,training
SHP-105092,training
SHP-105276,training
SHP-101734,training
SHP-101322,training
SHP-100501,training
SHP-103643,training
SHP-101662,training
SHP-104672,training
SHP-102776,training
SHP-100057,training
SHP-103091,training
SHP-102104,training
SHP-104478,training
SHP-100716,training
SHP-102451,training
SHP-103644,training
SHP-102014,training
SHP-102447,training
SHP-101987,training
SHP-104601,training
SHP-104966,training
SHP-102820,training
SHP-105042,training
SHP-100828,training
SHP-103216,training
SHP-104123,training
SHP-102443,training
SHP-100251,training
SHP-103162,training
SHP-100833,training
SHP-100089,training
SHP-105350,training
SHP-105773,training
SHP-101387,training
SHP-104208,training
SHP-102167,training
SHP-100180,training
SHP-103098,training
SHP-103086,training
SHP-104175,training
SHP-103684,training
SHP-101397,training
SHP-103563,training
SHP-102389,training
SHP-101552,training
SHP-101114,training
SHP-100825,training
SHP-101456,training
SHP-100867,training
SHP-104707,training
SHP-105118,training
SHP-103116,training
SHP-101850,training
SHP-103039,training
SHP-102428,training
SHP-103205,training
SHP-102107,training
SHP-101822,training
SHP-101927,training
SHP-104112,training
SHP-103234,training
SHP-103193,training
SHP-105273,training
SHP-104959,training
SHP-102803,training
SHP-103085,training
SHP-100278,training
SHP-103406,training
SHP-101009,training
SHP-102415,training
SHP-104397,training
SHP-101119,training
SHP-102519,training
SHP-102742,training
SHP-104079,training
SHP-101098,training
SHP-104778,training
SHP-100714,training
SHP-104510,training
SHP-105660,training
SHP-100193,training
SHP-103679,training
SHP-100905,training
SHP-101716,training
SHP-100973,training
SHP-104559,training
SHP-102186,training
SHP-104428,training
SHP-103426,training
SHP-103053,training
SHP-102775,training
SHP-103304,training
SHP-100253,training
SHP-100493,training
SHP-103424,training
SHP-101824,training
SHP-101556,training
SHP-100551,training
SHP-100435,training
SHP-101976,training
SHP-105971,training
SHP-100338,training
SHP-100842,training
SHP-103702,training
SHP-102333,training
SHP-102965,training
SHP-100080,training
SHP-101925,training
SHP-104855,training
SHP-100388,training
SHP-100519,training
SHP-103336,training
SHP-105530,training
SHP-101656,training
SHP-103045,training
SHP-103723,training
SHP-100342,training
SHP-105137,training
SHP-104187,training
SHP-103315,training
SHP-100084,training
SHP-105683,training
SHP-105437,training
SHP-102697,training
SHP-102493,training
SHP-103706,training
SHP-103746,training
SHP-104610,training
SHP-101693,training
SHP-101545,training
SHP-102677,training
SHP-103775,training
SHP-102406,training
SHP-102712,training
SHP-102745,training
SHP-104883,training
SHP-103241,training
SHP-105502,training
SHP-104718,training
SHP-104598,training
SHP-101245,training
SHP-102532,training
SHP-102503,training
SHP-105260,training
SHP-103379,training
SHP-100635,training
SHP-102077,training
SHP-102106,training
SHP-102864,training
SHP-101240,training
SHP-102440,training
SHP-104542,training
SHP-102422,training
SHP-103057,training
SHP-100731,training
SHP-101190,training
SHP-102839,training
SHP-105802,training
SHP-105302,training
SHP-101985,training
SHP-103547,training
SHP-100607,training
SHP-101736,training
SHP-101797,training
SHP-100316,training
SHP-103144,training
SHP-100374,training
SHP-103609,training
SHP-105279,training
SHP-105737,training
SHP-100105,training
SHP-102435,training
SHP-104005,training
SHP-103125,training
SHP-104814,training
SHP-102036,training
SHP-102970,training
SHP-101049,training
SHP-100044,training
SHP-100296,training
SHP-104376,training
SHP-103181,training
SHP-100048,training
SHP-101994,training
SHP-101285,training
SHP-103342,training
SHP-105930,training
SHP-104955,training
SHP-103458,training
SHP-105107,training
SHP-101854,training
SHP-103042,training
SHP-101293,training
SHP-102048,training
SHP-105186,training
SHP-101849,training
SHP-105021,training
SHP-101249,training
SHP-101468,training
SHP-100113,training
SHP-105704,training
SHP-102309,training
SHP-101908,training
SHP-105614,training
SHP-100735,training
SHP-102890,training
SHP-105966,training
SHP-102636,training
SHP-101729,training
SHP-105544,training
SHP-104032,training
SHP-100914,training
SHP-102880,training
SHP-103161,training
SHP-102792,training
SHP-102456,training
SHP-101446,training
SHP-101794,training
SHP-103108,training
SHP-101148,training
SHP-101143,training
SHP-104291,training
SHP-102197,training
SHP-103038,training
SHP-104040,training
SHP-101149,training
SHP-103879,training
SHP-105239,training
SHP-102496,training
SHP-105513,training
SHP-103376,training
SHP-101079,training
SHP-101108,training
SHP-102424,training
SHP-105843,training
SHP-104249,training
SHP-102076,training
SHP-103557,training
SHP-103378,training
SHP-104638,training
SHP-102263,training
SHP-101539,training
SHP-102057,training
SHP-103580,training
SHP-105851,training
SHP-100569,training
SHP-105381,training
SHP-100319,training
SHP-103017,training
SHP-103688,training
SHP-105798,training
SHP-102616,training
SHP-105671,training
SHP-104381,training
SHP-103334,training
SHP-105638,training
SHP-104824,training
SHP-104217,training
SHP-103270,training
SHP-104152,training
SHP-104813,training
SHP-102611,training
SHP-102911,training
SHP-103958,training
SHP-100173,training
SHP-102643,training
SHP-102282,training
SHP-100479,training
SHP-102781,training
SHP-105616,training
SHP-103251,training
SHP-104027,training
SHP-103733,training
SHP-101819,training
SHP-104185,training
SHP-105222,training
SHP-100598,training
SHP-100941,training
SHP-103664,training
SHP-100760,training
SHP-103693,training
SHP-101635,training
SHP-105667,training
SHP-102672,training
SHP-101807,training
SHP-101475,training
SHP-100510,training
SHP-101102,training
SHP-103060,training
SHP-104194,training
SHP-100477,training
SHP-101246,training
SHP-105661,training
SHP-103412,training
SHP-103171,training
SHP-104320,training
SHP-102418,training
SHP-101583,training
SHP-100461,training
SHP-100414,training
SHP-101547,training
SHP-104313,training
SHP-104270,training
SHP-105570,training
SHP-104268,training
SHP-103100,training
SHP-104346,training
SHP-100262,training
SHP-101685,training
SHP-105730,training
SHP-105013,training
SHP-103450,training
SHP-100681,training
SHP-105727,training
SHP-102414,training
SHP-100858,training
SHP-102486,training
SHP-105948,training
SHP-103750,training
SHP-103170,training
SHP-105111,training
SHP-103696,training
SHP-105587,training
SHP-102931,training
SHP-104227,training
SHP-104468,training
SHP-101435,training
SHP-101780,training
SHP-102799,training
SHP-105643,training
SHP-105038,training
SHP-105070,training
SHP-104704,training
SHP-104983,training
SHP-103006,training
SHP-102069,training
SHP-100022,training
SHP-105112,training
SHP-101324,training
SHP-102802,training
SHP-102961,training
SHP-104266,training
SHP-102922,training
SHP-100381,training
SHP-103308,training
SHP-104671,training
SHP-105488,training
SHP-102128,training
SHP-102783,training
SHP-104986,training
SHP-102265,training
SHP-101801,training
SHP-101511,training
SHP-100201,training
SHP-101314,training
SHP-102479,training
SHP-100395,training
SHP-102291,training
SHP-100847,training
SHP-105314,training
SHP-101216,training
SHP-105647,training
SHP-105167,training
SHP-100896,training
SHP-104135,training
SHP-103318,training
SHP-104669,training
SHP-101867,training
SHP-101719,training
SHP-100766,training
SHP-102948,training
SHP-102800,training
SHP-104261,training
SHP-100188,training
SHP-105413,training
SHP-101394,training
SHP-105072,training
SHP-105801,training
SHP-102280,training
SHP-105817,training
SHP-104904,training
SHP-101528,training
SHP-103605,training
SHP-100227,training
SHP-105224,training
SHP-104514,training
SHP-102988,training
SHP-104038,training
SHP-102323,training
SHP-102228,training
SHP-104015,training
SHP-100614,training
SHP-101349,training
SHP-105993,training
SHP-100425,training
SHP-104702,training
SHP-105382,training
SHP-104686,training
SHP-100348,training
SHP-103824,training
SHP-103992,training
SHP-104822,training
SHP-101857,training
SHP-102290,training
SHP-101823,training
SHP-103624,training
SHP-104138,training
SHP-101183,training
SHP-103933,training
SHP-100353,training
SHP-101241,training
SHP-100964,training
SHP-103229,training
SHP-101414,training
SHP-102472,training
SHP-100448,training
SHP-104613,training
SHP-103826,training
SHP-105404,training
SHP-101513,training
SHP-101986,training
SHP-104132,training
SHP-100535,training
SHP-104116,training
SHP-102072,training
SHP-100890,training
SHP-105962,training
SHP-104869,training
SHP-103862,training
SHP-104599,training
SHP-100452,training
SHP-101949,training
SHP-101265,training
SHP-101053,training
SHP-100506,training
SHP-103416,training
SHP-103309,training
SHP-105044,training
SHP-102642,training
SHP-101124,training
SHP-104738,training
SHP-101495,training
SHP-104725,training
SHP-101401,training
SHP-101800,training
SHP-104694,training
SHP-100232,training
SHP-104892,training
SHP-105960,training
SHP-105711,training
SHP-100086,training
SHP-103222,training
SHP-105955,training
SHP-100586,training
SHP-101370,training
SHP-102209,training
SHP-103843,training
SHP-102833,training
SHP-102002,training
SHP-104366,training
SHP-101261,training
SHP-100521,training
SHP-104901,training
SHP-102964,training
SHP-102327,training
SHP-104107,training
SHP-100785,training
SHP-105976,training
SHP-100333,training
SHP-100138,training
SHP-101527,training
SHP-101257,training
SHP-100949,training
SHP-104730,training
SHP-105086,training
SHP-105375,training
SHP-101962,training
SHP-104687,training
SHP-102806,training
SHP-104909,training
SHP-101235,training
SHP-102909,training
SHP-103152,training
SHP-104710,training
SHP-101073,training
SHP-102614,training
SHP-102933,training
SHP-104146,training
SHP-104699,training
SHP-100543,training
SHP-101208,training
SHP-102082,training
SHP-103730,training
SHP-102067,training
SHP-105275,training
SHP-102796,training
SHP-100357,training
SHP-105292,training
SHP-104198,training
SHP-103813,training
SHP-104980,training
SHP-101758,training
SHP-103183,training
SHP-105884,training
SHP-100980,training
SHP-100530,training
SHP-104647,training
SHP-103925,training
SHP-100979,training
SHP-104439,training
SHP-105366,training
SHP-102237,training
SHP-105095,training
SHP-103522,training
SHP-103271,training
SHP-103316,training
SHP-100332,training
SHP-103947,training
SHP-101181,training
SHP-104761,training
SHP-105548,training
SHP-102877,training
SHP-100154,training
SHP-102976,training
SHP-100827,training
SHP-103818,training
SHP-102190,training
SHP-102274,training
SHP-103929,training
SHP-104945,training
SHP-105450,training
SHP-102416,training
SHP-101205,training
SHP-103710,training
SHP-103581,training
SHP-102565,training
SHP-105621,training
SHP-105945,training
SHP-100526,training
SHP-103294,training
SHP-103077,training
SHP-105418,training
SHP-103383,training
SHP-100505,training
SHP-101535,training
SHP-104941,training
SHP-101215,training
SHP-105229,training
SHP-102634,training
SHP-100356,training
SHP-100525,training
SHP-105712,training
SHP-105578,training
SHP-105799,training
SHP-104857,training
SHP-100046,training
SHP-105706,training
SHP-104145,training
SHP-104550,training
SHP-101731,training
SHP-100511,training
SHP-102689,training
SHP-105007,training
SHP-101586,training
SHP-100982,training
SHP-105422,training
SHP-105808,training
SHP-101537,training
SHP-105135,training
SHP-105496,training
SHP-100733,training
SHP-105707,training
SHP-105645,training
SHP-101404,training
SHP-100580,training
SHP-103771,training
SHP-100970,training
SHP-101343,training
SHP-104831,training
SHP-104441,training
SHP-102579,training
SHP-103368,training
SHP-100369,training
SHP-102630,training
SHP-100287,training
SHP-102727,training
SHP-104013,training
SHP-105876,training
SHP-102750,training
SHP-101847,training
SHP-101251,training
SHP-102756,training
SHP-101803,training
SHP-105226,training
SHP-103321,training
SHP-102185,training
SHP-102861,training
SHP-103835,training
SHP-104211,training
SHP-100826,training
SHP-100817,training
SHP-104388,training
SHP-100487,training
SHP-105060,training
SHP-100100,training
SHP-101491,training
SHP-101566,training
SHP-100110,training
SHP-101529,training
SHP-105741,training
SHP-101188,training
SHP-102116,training
SHP-101501,training
SHP-101963,training
SHP-104471,training
SHP-102597,training
SHP-103459,training
SHP-105748,training
SHP-103756,training
SHP-105649,training
SHP-101430,training
SHP-101740,training
SHP-104597,training
SHP-101727,training
SHP-105220,training
SHP-103130,training
SHP-103506,training
SHP-104049,training
SHP-102170,training
SHP-101700,training
SHP-103942,training
SHP-102047,training
SHP-100727,training
SHP-105183,training
SHP-104674,training
SHP-100556,training
SHP-101112,training
SHP-104028,training
SHP-105046,training
SHP-100632,training
SHP-102429,training
SHP-104722,training
SHP-102779,training
SHP-104149,training
SHP-101743,training
SHP-101055,training
SHP-104763,training
SHP-104177,training
SHP-104002,training
SHP-101176,training
SHP-102439,training
SHP-100518,training
SHP-101469,training
SHP-104389,training
SHP-102153,training
SHP-104160,training
SHP-101085,training
SHP-101674,training
SHP-100623,training
SHP-100547,training
SHP-102571,training
SHP-101304,training
SHP-103601,training
SHP-103036,training
SHP-100365,training
SHP-101129,training
SHP-105594,training
SHP-104578,training
SHP-103418,training
SHP-103332,training
SHP-101154,training
SHP-102278,training
SHP-101874,training
SHP-103267,training
SHP-102005,training
SHP-104987,training
SHP-105589,training
SHP-103819,training
SHP-101421,training
SHP-102850,training
SHP-104374,training
SHP-103097,training
SHP-102045,training
SHP-104134,training
SHP-100872,training
SHP-103761,training
SHP-104036,training
SHP-101818,training
SHP-102788,training
SHP-104825,training
SHP-104087,training
SHP-101428,training
SHP-102600,training
SHP-103029,training
SHP-102081,training
SHP-101005,training
SHP-103752,training
SHP-101667,training
SHP-105262,training
SHP-102980,training
SHP-102051,training
SHP-103351,training
SHP-104142,training
SHP-105433,training
SHP-101952,training
SHP-105257,training
SHP-103735,training
SHP-102760,training
SHP-103023,training
SHP-104978,training
SHP-103087,training
SHP-100165,training
SHP-105942,training
SHP-100748,training
SHP-104930,training
SHP-102955,training
SHP-100679,training
SHP-101915,training
SHP-105134,training
SHP-101081,training
SHP-100480,training
SHP-103044,training
SHP-102086,training
SHP-102690,training
SHP-104939,training
SHP-102842,training
SHP-101033,training
SHP-104731,training
SHP-102862,training
SHP-100093,training
SHP-101065,training
SHP-100239,training
SHP-102350,training
SHP-105841,training
SHP-100264,training
SHP-105600,training
SHP-101232,training
SHP-100972,training
SHP-104851,training
SHP-103687,training
SHP-100975,training
SHP-100140,training
SHP-104696,training
SHP-100218,training
SHP-103677,training
SHP-102902,training
SHP-105903,training
SHP-102837,training
SHP-102390,training
SHP-100091,training
SHP-105991,training
SHP-102118,training
SHP-104330,training
SHP-101692,training
SHP-101275,training
SHP-105401,training
SHP-105151,training
SHP-103885,training
SHP-105522,training
SHP-103799,training
SHP-103707,training
SHP-101709,training
SHP-101424,training
SHP-104277,training
SHP-102193,training
SHP-102289,training
SHP-101720,training
SHP-103363,training
SHP-105266,training
SHP-103190,training
SHP-101298,training
SHP-103290,training
SHP-100959,training
SHP-102032,training
SHP-102812,training
SHP-105924,training
SHP-105883,training
SHP-104682,training
SHP-105093,training
SHP-100209,training
SHP-101386,training
SHP-103916,training
SHP-101959,training
SHP-101223,training
SHP-100592,training
SHP-100200,training
SHP-101467,training
SHP-100923,training
SHP-105235,training
SHP-100915,training
SHP-104780,training
SHP-101926,training
SHP-102250,training
SHP-103428,training
SHP-101429,training
SHP-100421,training
SHP-103236,training
SHP-100408,training
SHP-103765,training
SHP-105205,training
SHP-105108,training
SHP-104847,training
SHP-101137,training
SHP-105690,training
SHP-103292,training
SHP-101966,training
SHP-105346,training
SHP-105988,training
SHP-100516,training
SHP-100850,training
SHP-102122,training
SHP-102588,training
SHP-105736,training
SHP-100176,training
SHP-102542,training
SHP-105992,training
SHP-105835,training
SHP-101661,training
SHP-104253,training
SHP-101270,training
SHP-104811,training
SHP-100676,training
SHP-103172,training
SHP-103206,training
SHP-102162,training
SHP-100769,training
SHP-102573,training
SHP-104967,training
SHP-100474,training
SHP-104035,training
SHP-105935,training
SHP-100627,training
SHP-104806,training
SHP-102892,training
SHP-102957,training
SHP-103157,training
SHP-103990,training
SHP-103249,training
SHP-102595,training
SHP-105648,training
SHP-103914,training
SHP-103668,training
SHP-101595,training
SHP-100018,training
SHP-100649,training
SHP-104737,training
SHP-100473,training
SHP-105956,training
SHP-102000,training
SHP-102928,training
SHP-102367,training
SHP-105543,training
SHP-103083,training
SHP-100295,training
SHP-102736,training
SHP-101012,training
SHP-104091,training
SHP-104236,training
SHP-103213,training
SHP-103375,training
SHP-103396,training
SHP-105967,training
SHP-105772,training
SHP-104470,training
SHP-102217,training
SHP-100245,training
SHP-104852,training
SHP-102053,training
SHP-102449,training
SHP-105157,training
SHP-100007,training
SHP-101030,training
SHP-103494,training
SHP-101382,training
SHP-104348,training
SHP-102405,training
SHP-104539,training
SHP-101726,training
SHP-102815,training
SHP-101606,training
SHP-101207,training
SHP-102394,training
SHP-104634,training
SHP-105630,training
SHP-104771,training
SHP-105844,training
SHP-100773,training
SHP-104070,training
SHP-103360,training
SHP-100130,training
SHP-105535,training
SHP-102109,training
SHP-104740,training
SHP-105397,training
SHP-103504,training
SHP-102303,training
SHP-103822,training
SHP-101362,training
SHP-100219,training
SHP-105797,training
SHP-100625,training
SHP-103065,training
SHP-102017,training
SHP-103068,training
SHP-102524,training
SHP-102497,training
SHP-104509,training
SHP-104829,training
SHP-104060,training
SHP-104626,training
SHP-105606,training
SHP-101173,training
SHP-100300,training
SHP-105303,training
SHP-100918,training
SHP-100222,training
SHP-104743,training
SHP-100152,training
SHP-104527,training
SHP-100629,training
SHP-102431,training
SHP-104300,training
SHP-102758,training
SHP-101156,training
SHP-100524,training
SHP-102553,training
SHP-104750,training
SHP-101168,training
SHP-105721,training
SHP-102738,training
SHP-105505,training
SHP-104044,training
SHP-101669,training
SHP-100761,training
SHP-103349,training
SHP-104394,training
SHP-100741,training
SHP-103632,training
SHP-102490,training
SHP-102603,training
SHP-102968,training
SHP-105189,training
SHP-101811,training
SHP-104521,training
SHP-101711,training
SHP-102527,training
SHP-104793,training
SHP-100141,training
SHP-101581,training
SHP-100641,training
SHP-102619,training
SHP-102703,training
SHP-104762,training
SHP-101373,training
SHP-103114,training
SHP-100290,training
SHP-100383,training
SHP-104422,training
SHP-101031,training
SHP-103220,training
SHP-103128,training
SHP-102884,training
SHP-103347,training
SHP-102043,training
SHP-104560,training
SHP-100116,training
SHP-104495,training
SHP-101161,training
SHP-101642,training
SHP-102523,training
SHP-101239,training
SHP-100946,training
SHP-105431,training
SHP-104828,training
SHP-101815,training
SHP-104412,training
SHP-105949,training
SHP-103441,training
SHP-102774,training
SHP-103747,training
SHP-103179,training
SHP-101044,training
SHP-102003,training
SHP-105951,training
SHP-102315,training
SHP-102584,training
SHP-103704,training
SHP-105352,training
SHP-100012,training
SHP-101100,training
SHP-102685,training
SHP-104998,training
SHP-100430,training
SHP-105781,training
SHP-100837,training
SHP-101284,training
SHP-105696,training
SHP-102269,training
SHP-102344,training
SHP-102747,training
SHP-101066,training
SHP-104754,training
SHP-105344,training
SHP-104536,training
SHP-104251,training
SHP-104181,training
SHP-101062,training
SHP-103328,training
SHP-101507,training
SHP-103926,training
SHP-100149,training
SHP-104156,training
SHP-102533,training
SHP-100236,training
SHP-100010,training
SHP-103452,training
SHP-104555,training
SHP-101813,training
SHP-103324,training
SHP-100263,training
SHP-105340,training
SHP-101482,training
SHP-101741,training
SHP-102900,training
SHP-100634,training
SHP-102177,training
SHP-100379,training
SHP-104108,training
SHP-100961,training
SHP-101331,training
SHP-102560,training
SHP-103797,training
SHP-100256,training
SHP-102189,training
SHP-102582,training
SHP-102975,training
SHP-103996,training
SHP-100553,training
SHP-100662,training
SHP-104899,training
SHP-102441,training
SHP-105720,training
SHP-102150,training
SHP-100174,training
SHP-100963,training
SHP-105463,training
SHP-102606,training
SHP-102248,training
SHP-100650,training
SHP-104214,training
SHP-103577,training
SHP-104492,training
SHP-102678,training
SHP-104480,training
SHP-101515,training
SHP-102520,training
SHP-100783,training
SHP-105858,training
SHP-102492,training
SHP-103266,training
SHP-105691,training
SHP-101909,training
SHP-105277,training
SHP-104748,training
SHP-101355,training
SHP-104714,training
SHP-105571,training
SHP-104519,training
SHP-102154,training
SHP-102835,training
SHP-102509,training
SHP-101781,training
SHP-101679,training
SHP-104195,training
SHP-103712,training
SHP-100656,training
SHP-101297,training
SHP-100685,training
SHP-102935,training
SHP-103274,training
SHP-105104,training
SHP-102953,training
SHP-101267,training
SHP-104213,training
SHP-104787,training
SHP-105249,training
SHP-100549,training
SHP-103946,training
SHP-100114,training
SHP-101069,training
SHP-102480,training
SHP-102711,training
SHP-100453,training
SHP-101082,training
SHP-100076,training
SHP-101505,training
SHP-100992,training
SHP-104127,training
SHP-101280,training
SHP-100646,training
SHP-100460,training
SHP-100823,training
SHP-101236,training
SHP-100921,training
SHP-103296,training
SHP-104088,training
SHP-102887,training
SHP-104925,training
SHP-100420,training
SHP-100371,training
SHP-102956,training
SHP-100468,training
SHP-103240,training
SHP-103968,training
SHP-105150,training
SHP-101766,training
SHP-104204,training
SHP-103685,training
SHP-101131,training
SHP-101010,training
SHP-104773,training
SHP-101852,training
SHP-105925,training
SHP-101211,training
SHP-104970,training
SHP-100017,training
SHP-105733,training
SHP-100339,training
SHP-105536,training
SHP-105986,training
SHP-100498,training
SHP-105657,training
SHP-100441,training
SHP-100610,training
SHP-105369,training
SHP-100419,training
SHP-103665,training
SHP-101029,training
SHP-103492,training
SHP-103692,training
SHP-102683,training
SHP-100618,training
SHP-104593,training
SHP-100020,training
SHP-100488,training
SHP-101440,training
SHP-105019,training
SHP-101832,training
SHP-100628,training
SHP-103203,training
SHP-103027,training
SHP-104290,training
SHP-104589,training
SHP-101622,training
SHP-104423,training
SHP-104508,training
SHP-101337,training
SHP-101869,training
SHP-105934,training
SHP-103590,training
SHP-101590,training
SHP-100749,training
SHP-101210,training
SHP-104228,training
SHP-101330,training
SHP-101808,training
SHP-100401,training
SHP-103899,training
SHP-105987,training
SHP-103439,training
SHP-101701,training
SHP-102362,training
SHP-102235,training
SHP-104469,training
SHP-101871,training
SHP-102138,training
SHP-104168,training
SHP-101338,training
SHP-104106,training
SHP-104189,training
SHP-104209,training
SHP-101923,training
SHP-104164,training
SHP-100304,training
SHP-103600,training
SHP-105130,training
SHP-105343,training
SHP-101767,training
SHP-103967,training
SHP-102590,training
SHP-104891,training
SHP-103931,training
SHP-100492,training
SHP-104294,training
SHP-105812,training
SHP-102257,training
SHP-105926,training
SHP-104706,training
SHP-105210,training
SHP-101851,training
SHP-102398,training
SHP-104765,training
SHP-100445,training
SHP-101198,training
SHP-100282,training
SHP-102999,training
SHP-103777,training
SHP-103859,training
SHP-103634,training
SHP-104462,training
SHP-101776,training
SHP-102735,training
SHP-102302,training
SHP-102638,training
SHP-103592,training
SHP-102966,training
SHP-100337,training
SHP-100259,training
SHP-101836,training
SHP-101725,training
SHP-103602,training
SHP-105820,training
SHP-103112,training
SHP-103096,training
SHP-102247,training
SHP-102701,training
SHP-100385,training
SHP-104377,training
SHP-100794,training
SHP-101584,training
SHP-103165,training
SHP-100863,training
SHP-103903,training
SHP-100463,training
SHP-102687,training
SHP-100011,training
SHP-100845,training
SHP-102566,training
SHP-100626,training
SHP-105500,training
SHP-102536,training
SHP-103988,training
SHP-100560,training
SHP-100215,training
SHP-101572,training
SHP-104170,training
SHP-105747,training
SHP-103823,training
SHP-104830,training
SHP-104876,training
SHP-100168,training
SHP-104409,training
SHP-105361,training
SHP-104789,training
SHP-100405,training
SHP-102615,training
SHP-101616,training
SHP-102838,training
SHP-100145,training
SHP-102074,training
SHP-102219,training
SHP-104846,training
SHP-105447,training
SHP-102298,training
SHP-105685,training
SHP-101689,training
SHP-101911,training
SHP-104024,training
SHP-102797,training
SHP-104865,training
SHP-105918,training
SHP-105159,training
SHP-102723,training
SHP-105465,training
SHP-100856,training
SHP-102867,training
SHP-102700,training
SHP-104996,training
SHP-102273,training
SHP-102537,training
SHP-103937,training
SHP-100546,training
SHP-100192,training
SHP-102623,training
SHP-104518,training
SHP-100831,training
SHP-104641,training
SHP-103174,training
SHP-101789,training
SHP-104072,training
SHP-105912,training
SHP-100167,training
SHP-105161,training
SHP-100615,training
SHP-100503,training
SHP-104642,training
SHP-100660,training
SHP-104120,training
SHP-105853,training
SHP-102203,training
SHP-104367,training
SHP-102824,training
SHP-102332,training
SHP-105237,training
SHP-104695,training
SHP-104623,training
SHP-100736,training
SHP-103246,training
SHP-105012,training
SHP-103828,training
SHP-101638,training
SHP-104680,training
SHP-102062,training
SHP-105405,training
SHP-103864,training
SHP-101413,training
SHP-100231,training
SHP-105136,training
SHP-105473,training
SHP-101393,training
SHP-105427,training
SHP-103067,training
SHP-101476,training
SHP-102037,training
SHP-101277,training
SHP-102477,training
SHP-104256,training
SHP-103330,training
SHP-104133,training
SHP-100327,training
SHP-103350,training
SHP-105435,training
SHP-102551,training
SHP-103008,training
SHP-104117,training
SHP-105579,training
SHP-104666,training
SHP-104083,training
SHP-102575,training
SHP-104496,training
SHP-102827,training
SHP-101333,training
SHP-100054,training
SHP-101721,training
SHP-101420,training
SHP-103978,training
SHP-101508,training
SHP-101489,training
SHP-101623,training
SHP-100765,training
SHP-100746,training
SHP-102461,training
SHP-102794,training
SHP-102782,training
SHP-101941,training
SHP-105096,training
SHP-105922,training
SHP-101163,training
SHP-102092,training
SHP-104062,training
SHP-103540,training
SHP-100677,training
SHP-102318,training
SHP-104685,training
SHP-104273,training
SHP-103821,training
SHP-105029,training
SHP-103468,training
SHP-103758,training
SHP-100252,training
SHP-103084,training
SHP-100523,training
SHP-104386,training
SHP-100974,training
SHP-103233,training
SHP-104561,training
SHP-101585,training
SHP-105556,training
SHP-100753,training
SHP-103783,training
SHP-100654,training
SHP-103166,training
SHP-102593,training
SHP-103298,training
SHP-103965,training
SHP-105408,training
SHP-100267,training
SHP-104678,training
SHP-102544,training
SHP-104110,training
SHP-105080,training
SHP-105537,training
SHP-100083,training
SHP-103700,training
SHP-103513,training
SHP-101738,training
SHP-105329,training
SHP-102669,training
SHP-103498,training
SHP-105889,training
SHP-100621,training
SHP-101175,training
SHP-102702,training
SHP-105585,training
SHP-100860,training
SHP-104128,training
SHP-101199,training
SHP-100717,training
SHP-105116,training
SHP-104942,training
SHP-104651,training
SHP-100404,training
SHP-104354,training
SHP-100034,training
SHP-101229,training
SHP-103278,training
SHP-105097,training
SHP-101107,training
SHP-102720,training
SHP-101084,training
SHP-105805,training
SHP-105162,training
SHP-105823,training
SHP-105068,training
SHP-102368,training
SHP-105045,training
SHP-105265,training
SHP-105247,training
SHP-102112,training
SHP-103751,training
SHP-103138,training
SHP-100163,training
SHP-103448,training
SHP-105100,training
SHP-103955,training
SHP-101368,training
SHP-105849,training
SHP-102485,training
SHP-105015,training
SHP-102352,training
SHP-105826,training
SHP-103306,training
SHP-103846,training
SHP-100956,training
SHP-104588,training
SHP-101317,training
SHP-104235,training
SHP-104458,training
SHP-105001,training
SHP-104810,training
SHP-104798,training
SHP-103389,training
SHP-102220,training
SHP-102983,training
SHP-101864,training
SHP-100345,training
SHP-100243,training
SHP-103882,training
SHP-100680,training
SHP-105626,training
SHP-105863,training
SHP-104979,training
SHP-104041,training
SHP-102801,training
SHP-103471,training
SHP-101316,training
SHP-103786,training
SHP-101336,training
SHP-100134,training
SHP-100077,training
SHP-101504,training
SHP-101192,training
SHP-104010,training
SHP-100862,training
SHP-104225,training
SHP-105746,training
SHP-103661,training
SHP-101620,training
SHP-101189,training
SHP-104530,training
SHP-100008,training
SHP-101057,training
SHP-102023,training
SHP-101004,training
SHP-104260,training
SHP-103575,training
SHP-104908,training
SHP-103724,training
SHP-104535,training
SHP-103265,training
SHP-103238,training
SHP-105494,training
SHP-102633,training
SHP-105336,training
SHP-101783,training
SHP-103302,training
SHP-103979,training
SHP-104424,training
SHP-101171,training
SHP-104997,training
SHP-101790,training
SHP-100363,training
SHP-104619,training
SHP-102528,training
SHP-103184,training
SHP-104681,training
SHP-105331,training
SHP-102305,training
SHP-100351,training
SHP-103529,training
SHP-101359,training
SHP-104258,training
SHP-103902,training
SHP-103795,training
SHP-101958,training
SHP-105387,training
SHP-102954,training
SHP-103776,training
SHP-100241,training
SHP-103020,training
SHP-101587,training
SHP-102046,training
SHP-105613,training
SHP-105952,training
SHP-100883,training
SHP-105539,training
SHP-102525,training
SHP-100552,training
SHP-105840,training
SHP-105886,training
SHP-104362,training
SHP-102489,training
SHP-105178,training
SHP-102641,training
SHP-102698,training
SHP-103837,training
SHP-100981,training
SHP-101574,training
SHP-104574,training
SHP-105557,training
SHP-102130,training
SHP-104965,training
SHP-100497,training
SHP-105358,training
SHP-101150,training
SHP-102974,training
SHP-105658,training
SHP-105894,training
SHP-103995,training
SHP-102242,training
SHP-103195,training
SHP-105485,training
SHP-104050,training
SHP-101423,training
SHP-103501,training
SHP-102805,training
SHP-101768,training
SHP-100128,training
SHP-105478,training
SHP-101970,training
SHP-101672,training
SHP-100986,training
SHP-100476,training
SHP-105850,training
SHP-105242,training
SHP-101775,training
SHP-104582,training
SHP-105734,training
SHP-101694,training
SHP-104391,training
SHP-103056,training
SHP-103820,training
SHP-105602,training
SHP-103228,training
SHP-102647,training
SHP-103326,training
SHP-100190,training
SHP-102721,training
SHP-105674,training
SHP-101110,training
SHP-103431,training
SHP-101439,training
SHP-104823,training
SHP-102639,training
SHP-100801,training
SHP-100667,training
SHP-101862,training
SHP-105376,training
SHP-101486,training
SHP-102325,training
SHP-102995,training
SHP-104485,training
SHP-104848,training
SHP-103005,training
SHP-103898,training
SHP-105451,training
SHP-101769,training
SHP-105200,training
SHP-104144,training
SHP-105024,training
SHP-100062,training
SHP-100701,training
SHP-100805,training
SHP-103622,training
SHP-100331,training
SHP-101747,training
SHP-105761,training
SHP-105388,training
SHP-100213,training
SHP-105087,training
SHP-105800,training
SHP-102252,training
SHP-104065,training
SHP-105540,training
SHP-104359,training
SHP-100857,training
SHP-101445,training
SHP-104952,training
SHP-104215,training
SHP-104564,training
SHP-105389,training
SHP-101458,training
SHP-102728,training
SHP-101083,training
SHP-104169,training
SHP-105267,training
SHP-103437,training
SHP-105521,training
SHP-103807,training
SHP-100861,training
SHP-104285,training
SHP-105834,training
SHP-102517,training
SHP-100940,training
SHP-105420,training
SHP-100966,training
SHP-103802,training
SHP-103740,training
SHP-102347,training
SHP-102576,training
SHP-100958,training
SHP-105529,training
SHP-100499,training
SHP-105882,training
SHP-100724,training
SHP-100602,training
SHP-105533,training
SHP-100450,training
SHP-104418,training
SHP-100957,training
SHP-101965,training
SHP-104343,training
SHP-105880,training
SHP-104583,training
SHP-103489,training
SHP-104615,training
SHP-100359,training
SHP-103964,training
SHP-101913,training
SHP-102108,training
SHP-102518,training
SHP-102450,training
SHP-103538,training
SHP-103606,training
SHP-101918,training
SHP-102215,training
SHP-101798,training
SHP-101041,training
SHP-100336,training
SHP-102585,training
SHP-103413,training
SHP-103866,training
SHP-103487,training
SHP-104165,training
SHP-102572,training
SHP-100899,training
SHP-104728,training
SHP-103662,training
SHP-101329,training
SHP-105464,training
SHP-100415,training
SHP-104992,training
SHP-101732,training
SHP-104777,training
SHP-105351,training
SHP-105374,training
SHP-103178,training
SHP-104602,training
SHP-100925,training
SHP-101377,training
SHP-101953,training
SHP-103749,training
SHP-104726,training
SHP-105448,training
SHP-105765,training
SHP-105236,training
SHP-105833,training
SHP-105069,training
SHP-102819,training
SHP-103345,training
SHP-105190,training
SHP-100768,training
SHP-104003,training
SHP-100341,training
SHP-101332,training
SHP-101844,training
SHP-105142,training
SHP-105631,training
SHP-104579,training
SHP-105114,training
SHP-103398,training
SHP-103960,training
SHP-103337,training
SHP-103977,training
SHP-100880,training
SHP-105371,training
SHP-100144,training
SHP-101544,training
SHP-105158,training
SHP-104620,training
SHP-101698,training
SHP-102696,training
SHP-101643,training
SHP-101457,training
SHP-103842,training
SHP-105855,training
SHP-102266,training
SHP-105624,training
SHP-101078,training
SHP-100544,training
SHP-105845,training
SHP-100058,training
SHP-102555,training
SHP-103093,training
SHP-101993,training
SHP-104352,training
SHP-104839,training
SHP-100722,training
SHP-103467,training
SHP-102308,training
SHP-102644,training
SHP-102692,training
SHP-105872,training
SHP-103419,training
SHP-101680,training
SHP-104271,training
SHP-100935,training
SHP-103440,training
SHP-104667,training
SHP-102996,training
SHP-105703,training
SHP-104483,training
SHP-103528,training
SHP-100036,training
SHP-101809,training
SHP-102785,training
SHP-100225,training
SHP-105164,training
SHP-100364,training
SHP-105386,training
SHP-104104,training
SHP-101671,training
SHP-105838,training
SHP-102110,training
SHP-104576,training
SHP-104837,training
SHP-101532,training
SHP-105804,training
SHP-100612,training
SHP-104167,training
SHP-104956,training
SHP-103173,training
SHP-100478,training
SHP-101550,training
SHP-104408,training
SHP-104109,training
SHP-103986,training
SHP-101613,training
SHP-101856,training
SHP-101751,training
SHP-105515,training
SHP-103648,training
SHP-105255,training
SHP-103599,training
SHP-101305,training
SHP-104166,training
SHP-101799,training
SHP-103462,training
SHP-104373,training
SHP-103994,training
SHP-101389,training
SHP-101099,training
SHP-104089,training
SHP-104475,training
SHP-105879,training
SHP-104974,training
SHP-102484,training
SHP-105077,training
SHP-105023,training
SHP-100934,training
SHP-104845,training
SHP-101841,training
SHP-103397,training
SHP-103570,training
SHP-105483,training
SHP-105429,training
SHP-102366,training
SHP-104201,training
SHP-104244,training
SHP-100411,training
SHP-103435,training
SHP-105301,training
SHP-102210,training
SHP-104490,training
SHP-104646,training
SHP-102762,training
SHP-104854,training
SHP-105615,training
SHP-102195,training
SHP-102316,training
SHP-101418,training
SHP-105052,training
SHP-101575,training
SHP-104746,training
SHP-101274,training
SHP-100721,training
SHP-105785,training
SHP-105414,training
SHP-103949,training
SHP-103832,training
SHP-101180,training
SHP-102719,training
SHP-100500,training
SHP-101306,training
SHP-105050,training
SHP-104284,training
SHP-105048,training
SHP-103720,training
SHP-105101,training
SHP-103598,training
SHP-101996,training
SHP-103512,training
SHP-104933,training
SHP-105379,training
SHP-101151,training
SHP-100790,training
SHP-105554,training
SHP-105783,training
SHP-102214,training
SHP-103110,training
SHP-103194,training
SHP-100291,training
SHP-103927,training
SHP-102249,training
SHP-100707,training
SHP-104139,training
SHP-105887,training
SHP-104466,training
SHP-101262,training
SHP-104962,training
SHP-100318,training
SHP-102675,training
SHP-102759,training
SHP-104344,training
SHP-100061,training
SHP-101677,training
SHP-100527,training
SHP-100617,training
SHP-104622,training
SHP-103275,training
SHP-103834,training
SHP-101838,training
SHP-105004,training
SHP-105082,training
SHP-101830,training
SHP-105445,training
SHP-105796,training
SHP-100177,training
SHP-102899,training
SHP-102699,training
SHP-103285,training
SHP-102284,training
SHP-102212,training
SHP-103449,training
SHP-100695,training
SHP-100394,training
SHP-100194,training
SHP-104991,training
SHP-102978,training
SHP-101827,training
SHP-105504,training
SHP-104827,training
SHP-104808,training
SHP-103587,training
SHP-105297,training
SHP-104516,training
SHP-100275,training
SHP-104341,training
SHP-103593,training
SHP-104812,training
SHP-103429,training
SHP-103019,training
SHP-101600,training
SHP-101347,training
SHP-102505,training
SHP-102102,training
SHP-102304,training
SHP-101553,training
SHP-103080,training
SHP-103380,training
SHP-100693,training
SHP-105412,training
SHP-103686,training
SHP-100533,training
SHP-104066,training
SHP-103129,training
SHP-101013,training
SHP-103831,training
SHP-102283,training
SHP-105449,training
SHP-104755,training
SHP-102962,training
SHP-102008,training
SHP-102224,training
SHP-101894,training
SHP-100599,training
SHP-105290,training
SHP-105755,training
SHP-104817,training
SHP-104804,training
SHP-103778,training
SHP-101614,training
SHP-101971,training
SHP-101109,training
SHP-105534,training
SHP-100082,training
SHP-102666,training
SHP-104151,training
SHP-103393,training
SHP-101003,training
SHP-105426,training
SHP-100953,training
SHP-103629,training
SHP-104774,training
SHP-100939,training
SHP-104280,training
SHP-100126,training
SHP-104723,training
SHP-102718,training
SHP-100021,training
SHP-102239,training
SHP-102459,training
SHP-100088,training
SHP-104515,training
SHP-101778,training
SHP-104972,training
SHP-104913,training
SHP-105870,training
SHP-101641,training
SHP-105470,training
SHP-105233,training
SHP-102857,training
SHP-102262,training
SHP-100115,training
SHP-105466,training
SHP-100609,training
SHP-104586,training
SHP-105516,training
SHP-105355,training
SHP-100343,training
SHP-105572,training
SHP-101988,training
SHP-104503,training
SHP-103626,training
SHP-101893,training
SHP-103434,training
SHP-104004,training
SHP-105174,training
SHP-103739,training
SHP-102963,training
SHP-101453,training
SHP-105185,training
SHP-103854,training
SHP-103948,training
SHP-105635,training
SHP-102627,training
SHP-100855,training
SHP-101059,training
SHP-105300,training
SHP-102748,training
SHP-101042,training
SHP-104753,training
SHP-100031,training
SHP-101096,training
SHP-105089,training
SHP-105620,training
SHP-104606,training
SHP-100257,training
SHP-103373,training
SHP-102171,training
SHP-105561,training
SHP-104212,training
SHP-101146,training
SHP-100397,training
SHP-105904,training
SHP-101730,training
SHP-105981,training
SHP-102132,training
SHP-105396,training
SHP-101889,training
SHP-103559,training
SHP-100596,training
SHP-101817,training
SHP-101690,training
SHP-100864,training
SHP-102136,training
SHP-101796,training
SHP-101465,training
SHP-100789,training
SHP-105869,training
SHP-100026,training
SHP-101995,training
SHP-100491,training
SHP-101837,training
SHP-105474,training
SHP-102184,training
SHP-100226,training
SHP-104507,training
SHP-101624,training
SHP-103701,training
SHP-105652,training
SHP-104915,training
SHP-100742,training
SHP-101258,training
SHP-100798,training
SHP-101943,training
SHP-101433,training
SHP-100806,training
SHP-101599,training
SHP-101564,training
SHP-104288,training
SHP-103405,training
SHP-105028,training
SHP-105078,training
SHP-102369,training
SHP-105177,training
SHP-103714,training
SHP-105307,training
SHP-100907,training
SHP-100470,training
SHP-104522,training
SHP-102858,training
SHP-105170,training
SHP-102225,training
SHP-103738,training
SHP-102448,training
SHP-104498,training
SHP-102979,training
SHP-100079,training
SHP-103254,training
SHP-105241,training
SHP-105455,training
SHP-104984,training
SHP-101555,training
SHP-101244,training
SHP-100876,training
SHP-100090,training
SHP-102445,training
SHP-105716,training
SHP-103340,training
SHP-104861,training
SHP-104936,training
SHP-103064,training
SHP-100376,training
SHP-104420,training
SHP-104482,training
SHP-102363,training
SHP-100507,training
SHP-104446,training
SHP-100840,training
SHP-100038,training
SHP-105611,training
SHP-103982,training
SHP-100056,training
SHP-104315,training
SHP-102765,training
SHP-101372,training
SHP-104511,training
SHP-101912,training
SHP-102920,training
SHP-104440,training
SHP-104382,training
SHP-102173,training
SHP-103951,training
SHP-102809,training
SHP-105332,training
SHP-104953,training
SHP-101588,training
SHP-102889,training
SHP-100993,training
SHP-105795,training
SHP-100699,training
SHP-100929,training
SHP-104567,training
SHP-104864,training
SHP-100234,training
SHP-105877,training
SHP-103980,training
SHP-104321,training
SHP-103569,training
SHP-105003,training
SHP-103690,training
SHP-104082,training
SHP-100951,training
SHP-102984,training
SHP-100122,training
SHP-102245,training
SHP-105166,training
SHP-101746,training
SHP-101899,training
SHP-104960,training
SHP-103369,training
SHP-100804,training
SHP-104484,training
SHP-100247,training
SHP-104395,training
SHP-104732,training
SHP-100653,training
SHP-101907,training
SHP-102234,training
SHP-101300,training
SHP-100422,training
SHP-100994,training
SHP-100096,training
SHP-102460,training
SHP-105532,training
SHP-102012,training
SHP-102470,training
SHP-102137,training
SHP-102710,training
SHP-103596,training
SHP-104781,training
SHP-105900,training
SHP-100081,training
SHP-104767,training
SHP-100688,training
SHP-103711,training
SHP-105997,training
SHP-100037,training
SHP-103870,training
SHP-102658,training
SHP-105947,training
SHP-104573,training
SHP-101530,training
SHP-100438,training
SHP-102958,training
SHP-100587,training
SHP-105749,training
SHP-101408,training
SHP-102506,training
SHP-104336,training
SHP-105968,training
SHP-102158,training
SHP-103136,training
SHP-104147,training
SHP-104230,training
SHP-100971,training
SHP-104274,training
SHP-104073,training
SHP-101426,training
SHP-100522,training
SHP-102175,training
SHP-101120,training
SHP-101518,training
SHP-102791,training
SHP-100244,training
SHP-105006,training
SHP-104497,training
SHP-101288,training
SHP-103963,training
SHP-100531,training
SHP-100849,training
SHP-102464,training
SHP-101061,training
SHP-105438,training
SHP-103135,training
SHP-103852,training
SHP-105365,training
SHP-102478,training
SHP-100781,training
SHP-104153,training
SHP-104121,training
SHP-104874,training
SHP-105313,training
SHP-100720,training
SHP-105514,training
SHP-101543,training
SHP-102583,training
SHP-102676,training
SHP-101341,training
SHP-100730,training
SHP-105462,training
SHP-104118,training
SHP-100967,training
SHP-101579,training
SHP-103698,training
SHP-104625,training
SHP-102206,training
SHP-105061,training
SHP-102822,training
SHP-102038,training
SHP-101713,training
SHP-102650,training
SHP-103155,training
SHP-101868,training
SHP-102370,training
SHP-104779,training
SHP-100416,training
SHP-103177,training
SHP-103280,training
SHP-100043,training
SHP-104658,training
SHP-105586,training
SHP-103264,training
SHP-100120,training
SHP-105153,training
SHP-101929,training
SHP-102281,training
SHP-100795,training
SHP-104432,training
SHP-103063,training
SHP-104624,training
SHP-100358,training
SHP-104130,training
SHP-101670,training
SHP-103461,training
SHP-100839,training
SHP-104247,training
SHP-100670,training
SHP-102165,training
SHP-103539,training
SHP-105644,training
SHP-101761,training
SHP-105961,training
SHP-104385,training
SHP-100591,training
SHP-100844,training
SHP-101064,training
SHP-105280,training
SHP-102767,training
SHP-100757,training
SHP-102950,training
SHP-105110,training
SHP-102168,training
SHP-105476,training
SHP-102844,training
SHP-105673,training
SHP-102881,training
SHP-102907,training
SHP-101328,training
SHP-100317,training
SHP-105573,training
SHP-100040,training
SHP-101753,training
SHP-103597,training
SHP-100230,training
SHP-104224,training
SHP-105282,training
SHP-102145,training
SHP-101326,training
SHP-104419,training
SHP-103283,training
SHP-105132,training
SHP-101617,training
SHP-104964,training
SHP-102310,training
SHP-100891,training
SHP-101944,training
SHP-101646,training
SHP-105846,training
SHP-104435,training
SHP-100161,training
SHP-104363,training
SHP-101921,training
SHP-103811,training
SHP-100481,training
SHP-100172,training
SHP-104538,training
SHP-102156,training
SHP-100536,training
SHP-100320,training
SHP-103310,training
SHP-103858,training
SHP-104310,training
SHP-100955,training
SHP-103088,training
SHP-101706,training
SHP-101371,training
SHP-100894,training
SHP-100799,training
SHP-102740,training
SHP-104513,training
SHP-100368,training
SHP-104932,training
SHP-102205,training
SHP-103985,training
SHP-103623,training
SHP-102338,training
SHP-105740,training
SHP-105728,training
SHP-100361,training
SHP-104226,training
SHP-100003,training
SHP-102426,training
SHP-102631,training
SHP-101025,training
SHP-103202,training
SHP-100534,training
SHP-104914,training
SHP-104416,training
SHP-105985,training
SHP-101895,training
SHP-103496,training
SHP-100417,training
SHP-103224,training
SHP-100738,training
SHP-104833,training
SHP-102222,training
SHP-100129,training
SHP-102386,training
SHP-102870,training
SHP-105998,training
SHP-102546,training
SHP-101295,training
SHP-105215,training
SHP-104007,training
SHP-104056,training
SHP-100293,training
SHP-105296,training
SHP-105188,training
SHP-105342,training
SHP-101152,training
SHP-102172,training
SHP-104499,training
SHP-103945,training
SHP-105757,training
SHP-100004,training
SHP-102602,training
SHP-101887,training
SHP-102817,training
SHP-101436,training
SHP-105546,training
SHP-103840,training
SHP-104595,training
SHP-102267,training
SHP-104608,training
SHP-103825,training
SHP-100437,training
SHP-103175,training
SHP-104977,training
SHP-101442,training
SHP-104502,training
SHP-100509,training
SHP-101805,training
SHP-102125,training
SHP-101103,training
SHP-101576,training
SHP-105091,training
SHP-102977,training
SHP-105481,training
SHP-104203,training
SHP-101398,training
SHP-102632,training
SHP-103880,training
SHP-103612,training
SHP-101831,training
SHP-102031,training
SHP-101118,training
SHP-101405,training
SHP-104043,training
SHP-103252,training
SHP-105596,training
SHP-103331,training
SHP-101353,training
SHP-102538,training
SHP-100350,training
SHP-102293,training
SHP-104741,training
SHP-102938,training
SHP-105958,training
SHP-102285,training
SHP-103281,training
SHP-104387,training
SHP-102578,training
SHP-100064,training
SHP-101649,training
SHP-103256,training
SHP-105541,training
SHP-104993,training
SHP-100554,training
SHP-101186,training
SHP-102232,training
SHP-103388,training
SHP-101644,training
SHP-102286,training
SHP-100409,training
SHP-102013,training
SHP-102704,training
SHP-100606,training
SHP-105724,training
SHP-102238,training
SHP-102049,training
SHP-105217,training
SHP-104701,training
SHP-105321,training
SHP-101704,training
SHP-104298,training
SHP-102500,training
SHP-105878,training
SHP-104259,training
SHP-103182,training
SHP-103868,training
SHP-103043,training
SHP-100023,training
SHP-105552,training
SHP-102256,training
SHP-103049,training
SHP-105911,training
SHP-100718,training
SHP-100059,training
SHP-104947,training
SHP-100469,training
SHP-105325,training
SHP-104103,training
SHP-101601,training
SHP-101563,training
SHP-100133,training
SHP-105289,training
SHP-100895,training
SHP-101090,training
SHP-105316,training
SHP-100424,training
SHP-102688,training
SHP-102860,training
SHP-105753,training
SHP-100271,training
SHP-100108,training
SHP-100087,training
SHP-105827,training
SHP-100206,training
SHP-100574,training
SHP-102927,training
SHP-101937,training
SHP-104739,training
SHP-101880,training
SHP-104572,training
SHP-103115,training
SHP-100410,training
SHP-104092,training
SHP-103343,training
SHP-101524,training
SHP-105723,training
SHP-105946,training
SHP-100148,training
SHP-105271,training
SHP-102419,training
SHP-103404,training
SHP-104541,training
SHP-105288,training
SHP-104558,training
SHP-102905,training
SHP-104885,training
SHP-102987,training
SHP-105953,training
SHP-105525,training
SHP-104487,training
SHP-104001,training
SHP-103199,training
SHP-104575,training
SHP-102847,training
SHP-100815,training
SHP-100391,training
SHP-102068,training
SHP-100633,training
SHP-105509,training
SHP-101145,training
SHP-103377,training
SHP-102859,training
SHP-104061,training
SHP-101717,training
SHP-102166,training
SHP-105155,training
SHP-103981,training
SHP-103657,training
SHP-104054,training
SHP-104324,training
SHP-105486,training
SHP-100360,training
SHP-105317,training
SHP-100690,training
SHP-103689,training
SHP-100095,training
SHP-101696,training
SHP-101448,training
SHP-101593,training
SHP-104048,training
SHP-105446,training
SHP-102761,training
SHP-103279,training
SHP-101933,training
SHP-105709,training
SHP-104571,training
SHP-104834,training
SHP-101075,training
SHP-103896,training
SHP-101891,training
SHP-105129,training
SHP-101503,training
SHP-105583,training
SHP-105372,training
SHP-102221,training
SHP-105641,training
SHP-101648,training
SHP-104188,training
SHP-101810,training
SHP-100802,training
SHP-104245,training
SHP-104529,training
SHP-100502,training
SHP-104437,training
SHP-102120,training
SHP-105002,training
SHP-104544,training
SHP-103078,training
SHP-104662,training
SHP-104401,training
SHP-102845,training
SHP-101434,training
SHP-100892,training
SHP-103346,training
SHP-103126,training
SHP-103451,training
SHP-104292,training
SHP-100818,training
SHP-104229,training
SHP-104981,training
SHP-102541,training
SHP-101875,training
SHP-101752,training
SHP-100047,training
SHP-100926,training
SHP-105384,training
SHP-101967,training
SHP-101136,training
SHP-103962,training
SHP-103313,training
SHP-104581,training
SHP-103103,training
SHP-101268,training
SHP-102410,training
SHP-100171,training
SHP-102625,training
SHP-104605,training
SHP-101058,training
SHP-103010,training
SHP-103147,training
SHP-101510,training
SHP-102586,training
SHP-105710,training
SHP-104206,training
SHP-102843,training
SHP-103025,training
SHP-103430,training
SHP-105762,training
SHP-101276,training
SHP-104982,training
SHP-105719,training
SHP-101754,training
SHP-105672,training
SHP-101842,training
SHP-105051,training
SHP-101879,training
SHP-102016,training
SHP-103102,training
SHP-104171,training
SHP-104364,training
SHP-100684,training
SHP-101498,training
SHP-104067,training
SHP-101213,training
SHP-100238,training
SHP-104179,training
SHP-104580,training
SHP-104782,training
SHP-105033,training
SHP-105475,training
SHP-105320,training
SHP-101722,training
SHP-101718,training
SHP-105868,training
SHP-102218,training
SHP-100281,training
SHP-100871,training
SHP-102321,training
SHP-102384,training
SHP-104818,training
SHP-104906,training
SHP-100711,training
SHP-103355,training
SHP-103578,training
SHP-103041,training
SHP-105776,training
SHP-101185,training
SHP-103975,training
SHP-104488,training
SHP-102041,training
SHP-105348,training
SHP-101882,training
SHP-103697,training
SHP-101682,training
SHP-101885,training
SHP-100779,training
SHP-102504,training
SHP-103675,training
SHP-101676,training
SHP-102438,training
SHP-105975,training
SHP-101071,training
SHP-105580,training
SHP-103422,training
SHP-102790,training
SHP-102829,training
SHP-100187,training
SHP-105175,training
SHP-105778,training
SHP-102408,training
SHP-104020,training
SHP-100472,training
SHP-105867,training
SHP-103894,training
SHP-105940,training
SHP-105057,training
SHP-101609,training
SHP-102626,training
SHP-105025,training
SHP-103420,training
SHP-105484,training
SHP-102149,training
SHP-105899,training
SHP-101859,training
SHP-103974,training
SHP-100755,training
SHP-100620,training
SHP-101138,training
SHP-101526,training
SHP-104733,training
SHP-105759,training
SHP-100246,training
SHP-105857,training
SHP-104429,training
SHP-100196,training
SHP-100197,training
SHP-102231,training
SHP-102793,training
SHP-103940,training
SHP-102070,training
SHP-104078,training
SHP-103801,training
SHP-101975,training
SHP-105916,training
SHP-105495,training
SHP-104155,training
SHP-102276,training
SHP-102601,training
SHP-100432,training
SHP-101419,training
SHP-103245,training
SHP-103469,training
SHP-104318,training
SHP-104688,training
SHP-101311,training
SHP-103359,training
SHP-104021,training
SHP-103371,training
SHP-104148,training
SHP-100541,training
SHP-105165,training
SHP-105636,training
SHP-103803,training
SHP-101549,training
SHP-102052,training
SHP-101342,training
SHP-105695,training
SHP-100117,training
SHP-100428,training
SHP-102832,training
SHP-100865,training
SHP-105393,training
SHP-103847,training
SHP-101947,training
SHP-105565,training
SHP-104650,training
SHP-100013,training
SHP-104628,training
SHP-103762,training
SHP-103956,training
SHP-101375,training
SHP-105489,training
SHP-105334,training
SHP-104749,training
SHP-101450,training
SHP-103210,training
SHP-102301,training
SHP-101254,training
SHP-104069,training
SHP-104421,training
SHP-103969,validation
SHP-104835,validation
SHP-101699,validation
SHP-103284,validation
SHP-104949,validation
SHP-103076,validation
SHP-101367,validation
SHP-102334,validation
SHP-103719,validation
SHP-100841,validation
SHP-102679,validation
SHP-101984,validation
SHP-105195,validation
SHP-100159,validation
SHP-105531,validation
SHP-102336,validation
SHP-101407,validation
SHP-101455,validation
SHP-100725,validation
SHP-103423,validation
SHP-103403,validation
SHP-103329,validation
SHP-105335,validation
SHP-105929,validation
SHP-105022,validation
SHP-100928,validation
SHP-105115,validation
SHP-101900,validation
SHP-102349,validation
SHP-102178,validation
SHP-100715,validation
SHP-101560,validation
SHP-101036,validation
SHP-105729,validation
SHP-102818,validation
SHP-103792,validation
SHP-101762,validation
SHP-100589,validation
SHP-101459,validation
SHP-102707,validation
SHP-103198,validation
SHP-101237,validation
SHP-100111,validation
SHP-100030,validation
SHP-102649,validation
SHP-103936,validation
SHP-105974,validation
SHP-105213,validation
SHP-100673,validation
SHP-101681,validation
SHP-105768,validation
SHP-104565,validation
SHP-102757,validation
SHP-103456,validation
SHP-101345,validation
SHP-103618,validation
SHP-102399,validation
SHP-101471,validation
SHP-105815,validation
SHP-100292,validation
SHP-103500,validation
SHP-103917,validation
SHP-103568,validation
SHP-105245,validation
SHP-105811,validation
SHP-104758,validation
SHP-104342,validation
SHP-104309,validation
SHP-102986,validation
SHP-100387,validation
SHP-105295,validation
SHP-104231,validation
SHP-105597,validation
SHP-102357,validation
SHP-104635,validation
SHP-104944,validation
SHP-103385,validation
SHP-105259,validation
SHP-104097,validation
SHP-102117,validation
SHP-104744,validation
SHP-105011,validation
SHP-104297,validation
SHP-101980,validation
SHP-105440,validation
SHP-103232,validation
SHP-102849,validation
SHP-104705,validation
SHP-102580,validation
SHP-102749,validation
SHP-100307,validation
SHP-102144,validation
SHP-101466,validation
SHP-100745,validation
SHP-101363,validation
SHP-104501,validation
SHP-102674,validation
SHP-102763,validation
SHP-105575,validation
SHP-104895,validation
SHP-105913,validation
SHP-103594,validation
SHP-101853,validation
SHP-103998,validation
SHP-103537,validation
SHP-102087,validation
SHP-101571,validation
SHP-100868,validation
SHP-103262,validation
SHP-102030,validation
SHP-104917,validation
SHP-102317,validation
SHP-102607,validation
SHP-101782,validation
SHP-101303,validation
SHP-105678,validation
SHP-102121,validation
SHP-101932,validation
SHP-105792,validation
SHP-102717,validation
SHP-101960,validation
SHP-101283,validation
SHP-104923,validation
SHP-103780,validation
SHP-103640,validation
SHP-101663,validation
SHP-101135,validation
SHP-105784,validation
SHP-102474,validation
SHP-100330,validation
SHP-103062,validation
SHP-100104,validation
SHP-100508,validation
SHP-102768,validation
SHP-105923,validation
SHP-105523,validation
SHP-100737,validation
SHP-105994,validation
SHP-100434,validation
SHP-100392,validation
SHP-101307,validation
SHP-105219,validation
SHP-101621,validation
SHP-104534,validation
SHP-102629,validation
SHP-104316,validation
SHP-102741,validation
SHP-102071,validation
SHP-105014,validation
SHP-103565,validation
SHP-104853,validation
SHP-100903,validation
SHP-104029,validation
SHP-105664,validation
SHP-103839,validation
SHP-105824,validation
SHP-101774,validation
SHP-103149,validation
SHP-101052,validation
SHP-101227,validation
SHP-101381,validation
SHP-103214,validation
SHP-101076,validation
SHP-104157,validation
SHP-103327,validation
SHP-105204,validation
SHP-102391,validation
SHP-101523,validation
SHP-102936,validation
SHP-100605,validation
SHP-103164,validation
SHP-100189,validation
SHP-103286,validation
SHP-104000,validation
SHP-101047,validation
SHP-102348,validation
SHP-100329,validation
SHP-100403,validation
SHP-103521,validation
SHP-105209,validation
SHP-101056,validation
SHP-101777,validation
SHP-104197,validation
SHP-104237,validation
SHP-105468,validation
SHP-103781,validation
SHP-104990,validation
SHP-101499,validation
SHP-102724,validation
SHP-101402,validation
SHP-105568,validation
SHP-104684,validation
SHP-100822,validation
SHP-103912,validation
SHP-102236,validation
SHP-103659,validation
SHP-104129,validation
SHP-100298,validation
SHP-103535,validation
SHP-100121,validation
SHP-102146,validation
SHP-104820,validation
SHP-104360,validation
SHP-102296,validation
SHP-101538,validation
SHP-105156,validation
SHP-100937,validation
SHP-104222,validation
SHP-100852,validation
SHP-103141,validation
SHP-101653,validation
SHP-102535,validation
SHP-101000,validation
SHP-101289,validation
SHP-100125,validation
SHP-102421,validation
SHP-103655,validation
SHP-100898,validation
SHP-103484,validation
SHP-105663,validation
SHP-100412,validation
SHP-101639,validation
SHP-102731,validation
SHP-101358,validation
SHP-101001,validation
SHP-100217,validation
SHP-105339,validation
SHP-101939,validation
SHP-100444,validation
SHP-104037,validation
SHP-104612,validation
SHP-104337,validation
SHP-104875,validation
SHP-102498,validation
SHP-102906,validation
SHP-103054,validation
SHP-101602,validation
SHP-103646,validation
SHP-105031,validation
SHP-102869,validation
SHP-105892,validation
SHP-103566,validation
SHP-103425,validation
SHP-103507,validation
SHP-104803,validation
SHP-105490,validation
SHP-104448,validation
SHP-103893,validation
SHP-102483,validation
SHP-104430,validation
SHP-100389,validation
SHP-103367,validation
SHP-100255,validation
SHP-103628,validation
SHP-102908,validation
SHP-102804,validation
SHP-102501,validation
SHP-101825,validation
SHP-102882,validation
SHP-104649,validation
SHP-105141,validation
SHP-104232,validation
SHP-100987,validation
SHP-103317,validation
SHP-105646,validation
SHP-102401,validation
SHP-100909,validation
SHP-100063,validation
SHP-101021,validation
SHP-102152,validation
SHP-102345,validation
SHP-102354,validation
SHP-105684,validation
SHP-104563,validation
SHP-103295,validation
SHP-104724,validation
SHP-105196,validation
SHP-102307,validation
SHP-101773,validation
SHP-102159,validation
SHP-103961,validation
SHP-104836,validation
SHP-105731,validation
SHP-102769,validation
SHP-101054,validation
SHP-105512,validation
SHP-102951,validation
SHP-103362,validation
SHP-104752,validation
SHP-100708,validation
SHP-100127,validation
SHP-105066,validation
SHP-105180,validation
SHP-105423,validation
SHP-104467,validation
SHP-102340,validation
SHP-100143,validation
SHP-104545,validation
SHP-104805,validation
SHP-101462,validation
SHP-100762,validation
SHP-101715,validation
SHP-100590,validation
SHP-101627,validation
SHP-104200,validation
SHP-104989,validation
SHP-102320,validation
SHP-105027,validation
SHP-101770,validation
SHP-103796,validation
SHP-100166,validation
SHP-102339,validation
SHP-102004,validation
SHP-105076,validation
SHP-103119,validation
SHP-104898,validation
SHP-100906,validation
SHP-105842,validation
SHP-104618,validation
SHP-105651,validation
SHP-105084,validation
SHP-100346,validation
SHP-100976,validation
SHP-100917,validation
SHP-104639,validation
SHP-105284,validation
SHP-100889,validation
SHP-101278,validation
SHP-100694,validation
SHP-100517,validation
SHP-102194,validation
SHP-102204,validation
SHP-100542,validation
SHP-104357,validation
SHP-104692,validation
SHP-101916,validation
SHP-101089,validation
SHP-101897,validation
SHP-100808,validation
SHP-105310,validation
SHP-105745,validation
SHP-100640,validation
SHP-100869,validation
SHP-100178,validation
SHP-104918,validation
SHP-103480,validation
SHP-105258,validation
SHP-102425,validation
SHP-102637,validation
SHP-105407,validation
SHP-102725,validation
SHP-103921,validation
SHP-100877,validation
SHP-102778,validation
SHP-102670,validation
SHP-101068,validation
SHP-104547,validation
SHP-104384,validation
SHP-100119,validation
SHP-101385,validation
SHP-101930,validation
SHP-101105,validation
SHP-102179,validation
SHP-100800,validation
SHP-104489,validation
SHP-102787,validation
SHP-103567,validation
SHP-101647,validation
SHP-100600,validation
SHP-100377,validation
SHP-103901,validation
SHP-105767,validation
SHP-104338,validation
SHP-105124,validation
SHP-101217,validation
SHP-102825,validation
SHP-104648,validation
SHP-102279,validation
SHP-105246,validation
SHP-101961,validation
SHP-103562,validation
SHP-101919,validation
SHP-103789,validation
SHP-102105,validation
SHP-104443,validation
SHP-100664,validation
SHP-104873,validation
SHP-100378,validation
SHP-104137,validation
SHP-103651,validation
SHP-101214,validation
SHP-105603,validation
SHP-105131,validation
SHP-104653,validation
SHP-103090,validation
SHP-103364,validation
SHP-101006,validation
SHP-103297,validation
SHP-105524,validation
SHP-100647,validation
SHP-104929,validation
SHP-101755,validation
SHP-104008,validation
SHP-105780,validation
SHP-103167,validation
SHP-102402,validation
SHP-104562,validation
SHP-103748,validation
SHP-104113,validation
SHP-104920,validation
SHP-101351,validation
SHP-103971,validation
SHP-104452,validation
SHP-102455,validation
SHP-102640,validation
SHP-100407,validation
SHP-102695,validation
SHP-100666,validation
SHP-101834,validation
SHP-100630,validation
SHP-104220,validation
SHP-101883,validation
SHP-105558,validation
SHP-103741,validation
SHP-100301,validation
SHP-104795,validation
SHP-103900,validation
SHP-104053,validation
SHP-100310,validation
SHP-103844,validation
SHP-101631,validation
SHP-104921,validation
SHP-103784,validation
SHP-102715,validation
SHP-100611,validation
SHP-101582,validation
SHP-103872,validation
SHP-103051,validation
SHP-104729,validation
SHP-100464,validation
SHP-105725,validation
SHP-100490,validation
SHP-105694,validation
SHP-101167,validation
SHP-103766,validation
SHP-100484,validation
SHP-104404,validation
SHP-103212,validation
SHP-105864,validation
SHP-101703,validation
SHP-102306,validation
SHP-103015,validation
SHP-105970,validation
SHP-100072,validation
SHP-101474,validation
SHP-101172,validation
SHP-102202,validation
SHP-101657,validation
SHP-102326,validation
SHP-101645,validation
SHP-104293,validation
SHP-103564,validation
SHP-105244,validation
SHP-101607,validation
SHP-100191,validation
SHP-101294,validation
SHP-105409,validation
SHP-101028,validation
SHP-101279,validation
SHP-102714,validation
SHP-101936,validation
SHP-105654,validation
SHP-100739,validation
SHP-102131,validation
SHP-102359,validation
SHP-102373,validation
SHP-104282,validation
SHP-105782,validation
SHP-101744,validation
SHP-103983,validation
SHP-102457,validation
SHP-100922,validation
SHP-102494,validation
SHP-102549,validation
SHP-104326,validation
SHP-101633,validation
SHP-101765,validation
SHP-105172,validation
SHP-103848,validation
SHP-103583,validation
SHP-101384,validation
SHP-101441,validation
SHP-103035,validation
SHP-104262,validation
SHP-100663,validation
SHP-102155,validation
SHP-103104,validation
SHP-103798,validation
SHP-101209,validation
SHP-105125,validation
SHP-105415,validation
SHP-105254,validation
SHP-105526,validation
SHP-101155,validation
SHP-103658,validation
SHP-103549,validation
SHP-102314,validation
SHP-102828,validation
SHP-103881,validation
SHP-105010,validation
SHP-105103,validation
SHP-102612,validation
SHP-105063,validation
SHP-104910,validation
SHP-101201,validation
SHP-104328,validation
SHP-100467,validation
SHP-101106,validation
SHP-105123,validation
SHP-103816,validation
SHP-102019,validation
SHP-104150,validation
SHP-105865,validation
SHP-103804,validation
SHP-102123,validation
SHP-102915,validation
SHP-103472,validation
SHP-100740,validation
SHP-105206,validation
SHP-103223,validation
SHP-104866,validation
SHP-100775,validation
SHP-103269,validation
SHP-100706,validation
SHP-102111,validation
SHP-103408,validation
SHP-101546,validation
SHP-104319,validation
SHP-100791,validation
SHP-101014,validation
SHP-105088,validation
SHP-105053,validation
SHP-101733,validation
SHP-100532,validation
SHP-104026,validation
SHP-103059,validation
SHP-104882,validation
SHP-100455,validation
SHP-103299,validation
SHP-103474,validation
SHP-102260,validation
SHP-102174,validation
SHP-101032,validation
SHP-101020,validation
SHP-104786,validation
SHP-101772,validation
SHP-104888,validation
SHP-102001,validation
SHP-101580,validation
SHP-100033,validation
SHP-103814,validation
SHP-100466,validation
SHP-102515,validation
SHP-105874,validation
SHP-103890,validation
SHP-104531,validation
SHP-102176,validation
SHP-101354,validation
SHP-100545,validation
SHP-103683,validation
SHP-104683,validation
SHP-105599,validation
SHP-105459,validation
SHP-101972,validation
SHP-103671,validation
SHP-104591,validation
SHP-105471,validation
SHP-102875,validation
SHP-103415,validation
SHP-103787,validation
SHP-104926,validation
SHP-105751,validation
SHP-100224,validation
SHP-100442,validation
SHP-101846,validation
SHP-102821,validation
SHP-105822,validation
SHP-105680,validation
SHP-100793,validation
SHP-103619,validation
SHP-103258,validation
SHP-102007,validation
SHP-100109,validation
SHP-103691,validation
SHP-102040,validation
SHP-101133,validation
SHP-102991,validation
SHP-103694,validation
SHP-102180,validation
SHP-100756,validation
SHP-105623,validation
SHP-105160,validation
SHP-104943,validation
SHP-100097,validation
SHP-102140,validation
SHP-104769,validation
SHP-103478,validation
SHP-104238,validation
SHP-105928,validation
SHP-105140,validation
SHP-102552,validation
SHP-104302,validation
SHP-103046,validation
SHP-102058,validation
SHP-100932,validation
SHP-100613,validation
SHP-104124,validation
SHP-100807,validation
SHP-101611,validation
SHP-104477,validation
SHP-103519,validation
SHP-105394,validation
SHP-103163,validation
SHP-101346,validation
SHP-105750,validation
SHP-105102,validation
SHP-101286,validation
SHP-102055,validation
SHP-102945,validation
SHP-100832,validation
SHP-101589,validation
SHP-101861,validation
SHP-103536,validation
SHP-105452,validation
SHP-103666,validation
SHP-101321,validation
SHP-101829,validation
SHP-101596,validation
SHP-105931,validation
SHP-105545,validation
SHP-100830,validation
SHP-102400,validation
SHP-102558,validation
SHP-103282,validation
SHP-100283,validation
SHP-100950,validation
SHP-105518,validation
SHP-100223,validation
SHP-100668,validation
SHP-103016,validation
SHP-100202,validation
SHP-100195,validation
SHP-101080,validation
SHP-102328,validation
SHP-101461,validation
SHP-101522,validation
SHP-102160,validation
SHP-103935,validation
SHP-103572,validation
SHP-102499,validation
SHP-104931,validation
SHP-102495,validation
SHP-105676,validation
SHP-100983,validation
SHP-103534,validation
SHP-103026,validation
SHP-101158,validation
SHP-101865,validation
SHP-103805,validation
SHP-101203,validation
SHP-102341,validation
SHP-100162,validation
SHP-103033,validation
SHP-104059,validation
SHP-104457,validation
SHP-100674,validation
SHP-105439,validation
SHP-103672,validation
SHP-101097,validation
SHP-105240,validation
SHP-101318,validation
SHP-100311,validation
SHP-101202,validation
SHP-101779,validation
SHP-102561,validation
SHP-101169,validation
SHP-103999,validation
SHP-100705,validation
SHP-103511,validation
SHP-105214,validation
SHP-102852,validation
SHP-103923,validation
SHP-100051,validation
SHP-101479,validation
SHP-103591,validation
SHP-102921,validation
SHP-102018,validation
SHP-103670,validation
SHP-101888,validation
SHP-100207,validation
SHP-105669,validation
SHP-104840,validation
SHP-103809,validation
SHP-101493,validation
SHP-102932,validation
SHP-104512,validation
SHP-102436,validation
SHP-100873,validation
SHP-105390,validation
SHP-100185,validation
SHP-102271,validation
SHP-102511,validation
SHP-102097,validation
SHP-100454,validation
SHP-103849,validation
SHP-105640,validation
SHP-103485,validation
SHP-100704,validation
SHP-103993,validation
SHP-105106,validation
SHP-105972,validation
SHP-103614,validation
SHP-104546,validation
SHP-105362,validation
SHP-100579,validation
SHP-101142,validation
SHP-100712,validation
SHP-102096,validation
SHP-105735,validation
SHP-104968,validation
SHP-103320,validation
SHP-104182,validation
SHP-102034,validation
SHP-105668,validation
SHP-105286,validation
SHP-100025,validation
SHP-102365,validation
SHP-104757,validation
SHP-100622,validation
SHP-105803,validation
SHP-103647,validation
SHP-103595,validation
SHP-104317,validation
SHP-100675,validation
SHP-100042,validation
SHP-102383,validation
SHP-103556,validation
SHP-104216,validation
SHP-101955,validation
SHP-105252,validation
SHP-105181,validation
SHP-100269,validation
SHP-102411,validation
SHP-104031,validation
SHP-100443,validation
SHP-101542,validation
SHP-100001,validation
SHP-104076,validation
SHP-100006,validation
SHP-103113,validation
SHP-103523,validation
SHP-102453,validation
SHP-102288,validation
SHP-100908,validation
SHP-105030,validation
SHP-104311,validation
SHP-101162,validation
SHP-105786,validation
SHP-102651,validation
SHP-105627,validation
SHP-103259,validation
SHP-104677,validation
SHP-104736,validation
SHP-104323,validation
SHP-101072,validation
SHP-105363,validation
SHP-103034,validation
SHP-105417,validation
SHP-104378,validation
SHP-100495,validation
SHP-102570,validation
SHP-105083,validation
SHP-104241,validation
SHP-104927,validation
SHP-102021,validation
SHP-103143,validation
SHP-103830,validation
SHP-104537,validation
SHP-104332,validation
SHP-101998,validation
SHP-105120,validation
SHP-101691,validation
SHP-101260,validation
SHP-105291,validation
SHP-104665,validation
SHP-100752,validation
SHP-103454,validation
SHP-103001,validation
SHP-104505,validation
SHP-105357,validation
SHP-105547,validation
SHP-104950,validation
SHP-104783,validation
SHP-104223,validation
SHP-100423,validation
SHP-102855,validation
SHP-101991,validation
SHP-100901,validation
SHP-103871,validation
SHP-104859,validation
SHP-100597,validation
SHP-105037,validation
SHP-102026,validation
SHP-102403,validation
SHP-100988,validation
SHP-105825,validation
SHP-105609,validation
SHP-104295,validation
SHP-104594,validation
SHP-105171,validation
SHP-105964,validation
SHP-105065,validation
SHP-104325,validation
SHP-103447,validation
SHP-105062,validation
SHP-101340,validation
SHP-103518,validation
SHP-100482,validation
SHP-104971,validation
SHP-101200,validation
SHP-104940,validation
SHP-105920,validation
SHP-101626,validation
SHP-104303,validation
SHP-103158,validation
SHP-101323,validation
SHP-100050,validation
SHP-103073,validation
SHP-104074,validation
SHP-100483,validation
SHP-102088,validation
SHP-101684,validation
SHP-105793,validation
SHP-101636,validation
SHP-103124,validation
SHP-102233,validation
SHP-100893,validation
SHP-101492,validation
SHP-102826,validation
SHP-104506,validation
SHP-105989,validation
SHP-105933,validation
SHP-102737,validation
SHP-102969,validation
SHP-105368,validation
SHP-101026,validation
SHP-102896,validation
SHP-104339,validation
SHP-102934,validation
SHP-101301,validation
SHP-102427,validation
SHP-105256,validation
SHP-105607,validation
SHP-105145,validation
SHP-103913,validation
SHP-101356,validation
SHP-101334,validation
SHP-100601,validation
SHP-103987,validation
SHP-102693,validation
SHP-104267,validation
SHP-100792,validation
SHP-105581,validation
SHP-103153,validation
SHP-100015,validation
SHP-103402,validation
SHP-103772,validation
SHP-101472,validation
SHP-101193,validation
SHP-102065,validation
SHP-101335,validation
SHP-104178,validation
SHP-100904,validation
SHP-105665,validation
SHP-101652,validation
SHP-103560,validation
SHP-104796,validation
SHP-100851,validation
SHP-105619,validation
SHP-100366,validation
SHP-102035,validation
SHP-102563,validation
SHP-100373,validation
SHP-103652,validation
SHP-101269,validation
SHP-101365,validation
SHP-102645,validation
SHP-102594,validation
SHP-104380,validation
SHP-104058,validation
SHP-103479,validation
SHP-102604,validation
SHP-105349,validation
SHP-101697,validation
SHP-103082,validation
SHP-101968,validation
SHP-102091,validation
SHP-105943,validation
SHP-103734,validation
SHP-105133,validation
SHP-100285,validation
SHP-102223,validation
SHP-104039,validation
SHP-104961,validation
SHP-101018,validation
SHP-101592,validation
SHP-104815,validation
SHP-102458,validation
SHP-104907,validation
SHP-104276,validation
SHP-103134,validation
SHP-101463,validation
SHP-100513,validation
SHP-101820,validation
SHP-105424,validation
SHP-102621,validation
SHP-104721,validation
SHP-102848,validation
SHP-100803,validation
SHP-104463,validation
SHP-103231,validation
SHP-102337,validation
SHP-105941,validation
SHP-101517,validation
SHP-104312,validation
SHP-104474,validation
SHP-100786,validation
SHP-103247,validation
SHP-100156,validation
SHP-104841,validation
SHP-103411,validation
SHP-102667,validation
SHP-101095,validation
SHP-104868,validation
SHP-102946,validation
SHP-104655,validation
SHP-103908,validation
SHP-100771,validation
SHP-104017,validation
SHP-104193,validation
SHP-100494,validation
SHP-100767,validation
SHP-101712,validation
SHP-104415,validation
SHP-101204,validation
SHP-103582,validation
SHP-102569,validation
SHP-103653,validation
SHP-102599,validation
SHP-101187,validation
SHP-103627,validation
SHP-105914,validation
SHP-100887,validation
SHP-100977,validation
SHP-100313,validation
SHP-101247,validation
SHP-105744,validation
SHP-103745,validation
SHP-103660,validation
SHP-102545,validation
SHP-101536,validation
SHP-100758,validation
SHP-100396,validation
SHP-104792,validation
SHP-105848,validation
SHP-101569,validation
SHP-102789,validation
SHP-104693,validation
SHP-103545,validation
SHP-101378,validation
SHP-101816,validation
SHP-102395,validation
SHP-103680,validation
SHP-104219,validation
SHP-103731,validation
SHP-100763,validation
SHP-103815,validation
SHP-104100,validation
SHP-101292,validation
SHP-102060,validation
SHP-103918,validation
SHP-101931,validation
SHP-104159,validation
SHP-105766,validation
SHP-102598,validation
SHP-103382,validation
SHP-105373,validation
SHP-104976,validation
SHP-101981,validation
SHP-105591,validation
SHP-105406,validation
SHP-102404,validation
SHP-102244,validation
SHP-105828,validation
SHP-100344,validation
SHP-105764,validation
SHP-100325,validation
SHP-103486,validation
SHP-101253,validation
SHP-102656,validation
SHP-105047,validation
SHP-103542,validation
SHP-102564,validation
SHP-104520,validation
SHP-103200,validation
SHP-101228,validation
SHP-100237,validation
SHP-103358,validation
SHP-101573,validation
SHP-102042,validation
SHP-100216,validation
SHP-103018,validation
SHP-104234,validation
SHP-101221,validation
SHP-103438,validation
SHP-100512,validation
SHP-104093,validation
SHP-104186,validation
SHP-100462,validation
SHP-103779,validation
SHP-101050,validation
SHP-102093,validation
SHP-102029,validation
SHP-101437,validation
SHP-102694,validation
SHP-100999,validation
SHP-102605,validation
SHP-104012,validation
SHP-105563,validation
SHP-104095,validation
SHP-104587,validation
SHP-102090,validation
SHP-100948,validation
SHP-104611,validation
SHP-105248,validation
SHP-104345,validation
SHP-102119,validation
SHP-101562,validation
SHP-104396,validation
SHP-101309,validation
SHP-102412,validation
SHP-103989,validation
SHP-102972,validation
SHP-101630,validation
SHP-102810,validation
SHP-105187,validation
SHP-105469,validation
SHP-104850,validation
SHP-104999,validation
SHP-102967,validation
SHP-101521,validation
SHP-105612,validation
SHP-100559,validation
SHP-102568,validation
SHP-103827,validation
SHP-102471,validation
SHP-104006,validation
SHP-103517,validation
SHP-104184,validation
SHP-104425,validation
SHP-100286,validation
SHP-100538,validation
SHP-100772,validation
SHP-102227,validation
SHP-103726,validation
SHP-101115,validation
SHP-100962,validation
SHP-103630,validation
SHP-103970,validation
SHP-100558,validation
SHP-104125,validation
SHP-102466,validation
SHP-102635,validation
SHP-100184,validation
SHP-105298,validation
SHP-105232,validation
SHP-103432,validation
SHP-101989,validation
SHP-105191,validation
SHP-101791,validation
SHP-102444,validation
SHP-105553,validation
SHP-105885,validation
SHP-105324,validation
SHP-102522,validation
SHP-102557,validation
SHP-103851,validation
SHP-103887,validation
SHP-101570,validation
SHP-102101,validation
SHP-104368,validation
SHP-104329,validation
SHP-103514,validation
SHP-101271,validation
SHP-101969,validation
SHP-105269,validation
SHP-102680,validation
SHP-103414,validation
SHP-102346,validation
SHP-105852,validation
SHP-100413,validation
SHP-105194,validation
SHP-102918,validation
SHP-105682,validation
SHP-102531,validation
SHP-104011,validation
SHP-103002,validation
SHP-100049,validation
SHP-102335,validation
SHP-103909,validation
SHP-104632,validation
SHP-104879,validation
SHP-105907,validation
SHP-103863,validation
SHP-103272,validation
SHP-102997,validation
SHP-100352,validation
SHP-104131,validation
SHP-100671,validation
SHP-100945,validation
SHP-101793,validation
SHP-100920,validation
SHP-101040,validation
SHP-100085,validation
SHP-103009,validation
SHP-103242,validation
SHP-102609,validation
SHP-104526,validation
SHP-103032,validation
SHP-100888,validation
SHP-102876,validation
SHP-103972,validation
SHP-101165,validation
SHP-104877,validation
SHP-105896,validation
SHP-101320,validation
SHP-100447,validation
SHP-103910,validation
SHP-104785,validation
SHP-103957,validation
SHP-103159,validation
SHP-101640,validation
SHP-101914,validation
SHP-105032,validation
SHP-105582,validation
SHP-104243,validation
SHP-104799,validation
SHP-102960,validation
SHP-102164,validation
SHP-105208,validation
SHP-104903,validation
SHP-104233,validation
SHP-105915,validation
SHP-105223,validation
SHP-104660,validation
SHP-104935,validation
SHP-103744,validation
SHP-105441,validation
SHP-105370,validation
SHP-102660,validation
SHP-100683,validation
SHP-101220,validation
SHP-102878,validation
SHP-101196,validation
SHP-100572,validation
SHP-102462,validation
SHP-104269,validation
SHP-103014,validation
SHP-103883,validation
SHP-101291,validation
SHP-103505,validation
SHP-101480,validation
SHP-103323,validation
SHP-100643,validation
SHP-102103,validation
SHP-103757,validation
SHP-101212,validation
SHP-103148,validation
SHP-100158,validation
SHP-105221,validation
SHP-102992,validation
SHP-105897,validation
SHP-102161,validation
SHP-105079,validation
SHP-104616,validation
SHP-105965,validation
SHP-100118,validation
SHP-105043,validation
SHP-101023,validation
SHP-102261,validation
SHP-100968,test
SHP-102198,test
SHP-103146,test
SHP-101707,test
SHP-103235,test
SHP-104162,test
SHP-103145,test
SHP-102182,test
SHP-101957,test
SHP-105330,test
SHP-101319,test
SHP-101898,test
SHP-102358,test
SHP-103892,test
SHP-104433,test
SHP-104447,test
SHP-102413,test
SHP-101990,test
SHP-104734,test
SHP-102434,test
SHP-102901,test
SHP-100529,test
SHP-101039,test
SHP-100947,test
SHP-103497,test
SHP-104190,test
SHP-100390,test
SHP-105788,test
SHP-102356,test
SHP-102982,test
SHP-104703,test
SHP-101406,test
SHP-102780,test
SHP-104819,test
SHP-102006,test
SHP-102099,test
SHP-103289,test
SHP-104347,test
SHP-102897,test
SHP-104995,test
SHP-101074,test
SHP-100563,test
SHP-102377,test
SHP-100431,test
SHP-102078,test
SHP-105700,test
SHP-105576,test
SHP-105444,test
SHP-100639,test
SHP-100210,test
SHP-105454,test
SHP-105274,test
SHP-103365,test
SHP-103924,test
SHP-104140,test
SHP-104637,test
SHP-105670,test
SHP-100936,test
SHP-100710,test
SHP-104287,test
SHP-105813,test
SHP-103465,test
SHP-100233,test
SHP-100060,test
SHP-105503,test
SHP-101344,test
SHP-104548,test
SHP-105717,test
SHP-105493,test
SHP-105713,test
SHP-101182,test
SHP-102442,test
SHP-105326,test
SHP-100315,test
SHP-101088,test
SHP-104077,test
SHP-102529,test
SHP-102526,test
SHP-100032,test
SHP-105957,test
SHP-104383,test
SHP-101425,test
SHP-102241,test
SHP-104019,test
SHP-103553,test
SHP-104556,test
SHP-100931,test
SHP-103617,test
SHP-101904,test
SHP-103436,test
SHP-102610,test
SHP-103477,test
SHP-103333,test
SHP-102409,test
SHP-102831,test
SHP-102813,test
SHP-100303,test
SHP-100927,test
SHP-100577,test
SHP-101127,test
SHP-104843,test
SHP-100208,test
SHP-105000,test
SHP-102382,test
SHP-100520,test
SHP-101759,test
SHP-101132,test
SHP-104114,test
SHP-103483,test
SHP-105281,test
SHP-100995,test
SHP-105074,test
SHP-103250,test
SHP-101310,test
SHP-104486,test
SHP-102930,test
SHP-105905,test
SHP-100744,test
SHP-102507,test
SHP-101974,test
SHP-105693,test
SHP-100996,test
SHP-105932,test
SHP-104871,test
SHP-100703,test
SHP-104523,test
SHP-104838,test
SHP-102668,test
SHP-105228,test
SHP-104094,test
SHP-103753,test
SHP-100682,test
SHP-101392,test
SHP-101179,test
SHP-102808,test
SHP-100124,test
SHP-102888,test
SHP-102135,test
SHP-101396,test
SHP-105919,test
SHP-102543,test
SHP-105564,test
SHP-102807,test
SHP-101788,test
SHP-101806,test
SHP-102682,test
SHP-105527,test
SHP-101742,test
SHP-104689,test
SHP-103631,test
SHP-103081,test
SHP-101391,test
SHP-103878,test
SHP-100277,test
SHP-104609,test
SHP-101364,test
SHP-105577,test
SHP-102912,test
SHP-101598,test
SHP-105211,test
SHP-103891,test
SHP-101605,test
SHP-101628,test
SHP-102591,test
SHP-103040,test
SHP-101954,test
SHP-101920,test
SHP-100884,test
SHP-104063,test
SHP-105655,test
SHP-102380,test
SHP-100203,test
SHP-100382,test
SHP-100713,test
SHP-105550,test
SHP-101361,test
SHP-102272,test
SHP-105996,test
SHP-101067,test
SHP-101490,test
SHP-104327,test
SHP-103400,test
SHP-102916,test
SHP-101687,test
SHP-105098,test
SHP-104278,test
SHP-103197,test
SHP-100985,test
SHP-104797,test
SHP-100183,test
SHP-104747,test
SHP-105983,test
SHP-101191,test
SHP-104192,test
SHP-101591,test
SHP-105338,test
SHP-104414,test
SHP-102872,test
SHP-104407,test
SHP-102420,test
SHP-102770,test
SHP-103524,test
SHP-100220,test
SHP-101922,test
SHP-103239,test
SHP-102050,test
SHP-103930,test
SHP-103705,test
SHP-103939,test
SHP-100399,test
SHP-100198,test
SHP-105632,test
SHP-104894,test
SHP-104934,test
SHP-101660,test
SHP-104299,test
SHP-105364,test
SHP-100045,test
SHP-102311,test
SHP-103169,test
SHP-103645,test
SHP-105456,test
SHP-100678,test
SHP-103584,test
SHP-100582,test
SHP-102264,test
SHP-101514,test
SHP-104143,test
SHP-105789,test
SHP-100465,test
SHP-103718,test
SHP-100900,test
SHP-105688,test
SHP-102937,test
SHP-105319,test
SHP-101873,test
SHP-105041,test
SHP-101478,test
SHP-104631,test
SHP-101902,test
SHP-102115,test
SHP-103621,test
SHP-102919,test
SHP-101038,test
SHP-100242,test
SHP-105898,test
SHP-101256,test
SHP-105662,test
SHP-103635,test
SHP-104924,test
SHP-100340,test
SHP-101230,test
SHP-103673,test
SHP-100449,test
SHP-101252,test
SHP-104645,test
SHP-102482,test
SHP-101174,test
SHP-102126,test
SHP-104751,test
SHP-100294,test
SHP-101157,test
SHP-104071,test
SHP-102998,test
SHP-101956,test
SHP-105199,test
SHP-104081,test
SHP-105984,test
SHP-102942,test
SHP-104661,test
SHP-105318,test
SHP-102657,test
SHP-101896,test
SHP-103000,test
SHP-103291,test
SHP-105008,test
SHP-104333,test
SHP-102886,test
SHP-104444,test
SHP-104459,test
SHP-103244,test
SHP-101242,test
SHP-101250,test
SHP-103117,test
SHP-102941,test
SHP-105944,test
SHP-104322,test
SHP-102795,test
SHP-104392,test
SHP-100902,test
SHP-104902,test
SHP-102287,test
SHP-101390,test
SHP-103196,test
SHP-102708,test
SHP-100308,test
SHP-101675,test
SHP-105309,test
SHP-105642,test
SHP-102772,test
SHP-103855,test
SHP-105836,test
SHP-102299,test
SHP-101063,test
SHP-104289,test
SHP-104543,test
SHP-102114,test
SHP-100306,test
SHP-101086,test
SHP-100354,test
SHP-104858,test
SHP-101134,test
SHP-102823,test
SHP-100573,test
SHP-102617,test
SHP-104600,test
SHP-104221,test
SHP-105457,test
SHP-100636,test
SHP-105653,test
SHP-103111,test
SHP-101757,test
SHP-103633,test
SHP-104916,test
SHP-101092,test
SHP-102073,test
SHP-102319,test
SHP-100426,test
SHP-102873,test
SHP-103160,test
SHP-101226,test
SHP-101858,test
SHP-103207,test
SHP-105203,test
SHP-105099,test
SHP-105039,test
SHP-103168,test
SHP-100581,test
SHP-103354,test
SHP-103301,test
SHP-103788,test
SHP-101665,test
SHP-102487,test
SHP-102454,test
SHP-103312,test
SHP-100700,test
SHP-101002,test
SHP-102691,test
SHP-102681,test
SHP-104862,test
SHP-100451,test
SHP-101477,test
SHP-104406,test
SHP-101451,test
SHP-104096,test
SHP-103510,test
SHP-103589,test
SHP-101034,test
SHP-101116,test
SHP-103047,test
SHP-105875,test
SHP-101795,test
SHP-101051,test
SHP-102491,test
SHP-104436,test
SHP-105743,test
SHP-100250,test
SHP-103717,test
SHP-102684,test
SHP-100608,test
SHP-101117,test
SHP-104821,test
SHP-103585,test
SHP-102940,test
SHP-100585,test
SHP-101877,test
SHP-103075,test
SHP-100112,test
SHP-100729,test
SHP-100349,test
SHP-104994,test
SHP-103253,test
SHP-104210,test
SHP-103187,test
SHP-101673,test
SHP-103865,test
SHP-102025,test
SHP-100170,test
SHP-100322,test
SHP-101618,test
SHP-104101,test
SHP-105146,test
SHP-102392,test
SHP-102374,test
SHP-103445,test
SHP-101565,test
SHP-105794,test
SHP-100272,test
SHP-104700,test
SHP-100041,test
SHP-100249,test
SHP-103381,test
SHP-101403,test
SHP-103860,test
SHP-102433,test
SHP-101934,test
SHP-103427,test
SHP-101500,test
SHP-102673,test
SHP-100029,test
SHP-102027,test
SHP-103991,test
SHP-103721,test
SHP-100557,test
SHP-105617,test
SHP-103725,test
SHP-100631,test
SHP-102297,test
SHP-102856,test
SHP-105287,test
SHP-104102,test
SHP-101977,test
SHP-104304,test
SHP-102142,test
SHP-103764,test
SHP-103276,test
SHP-102971,test
SHP-105071,test
SHP-104413,test
SHP-104371,test
SHP-104603,test
SHP-104630,test
SHP-102200,test
SHP-103417,test
SHP-105492,test
SHP-102903,test
SHP-102754,test
SHP-103915,test
SHP-102255,test
SHP-103120,test
SHP-101449,test
SHP-103754,test
SHP-100486,test
SHP-101177,test
SHP-105659,test
SHP-102661,test
SHP-101855,test
SHP-102381,test
SHP-105809,test
SHP-101302,test
SHP-100812,test
SHP-100571,test
SHP-101380,test
SHP-102011,test
SHP-102127,test
SHP-100485,test
SHP-104770,test
SHP-101184,test
SHP-100809,test
SHP-103773,test
SHP-100593,test
SHP-105610,test
SHP-104691,test
SHP-103341,test
SHP-100698,test
SHP-101683,test
SHP-105605,test
SHP-103875,test
SHP-105049,test
SHP-100309,test
SHP-105090,test
SHP-100665,test
SHP-105499,test
SHP-105073,test
SHP-100672,test
SHP-103856,test
SHP-100938,test
SHP-100655,test
SHP-104528,test
SHP-105832,test
SHP-105705,test
SHP-105143,test
SHP-103348,test
SHP-104884,test
SHP-105901,test
SHP-103475,test
SHP-102613,test
SHP-104481,test
SHP-105152,test
SHP-100911,test
SHP-105549,test
SHP-100960,test
SHP-101629,test
SHP-100897,test
SHP-104860,test
SHP-105058,test
SHP-104764,test
SHP-101379,test
SHP-105353,test
SHP-100504,test
SHP-100866,test
SHP-103604,test
SHP-103395,test
SHP-104912,test
SHP-103938,test
SHP-101771,test
SHP-105839,test
SHP-105128,test
SHP-104283,test
SHP-101792,test
SHP-102608,test
SHP-102874,test
SHP-105507,test
SHP-103561,test
SHP-104856,test
SHP-103335,test
SHP-103794,test
SHP-100661,test
SHP-103031,test
SHP-105519,test
SHP-103237,test
SHP-104239,test
SHP-103941,test
SHP-102665,test
SHP-105927,test
SHP-102548,test
SHP-101637,test
SHP-100429,test
SHP-105497,test
SHP-104554,test
SHP-100367,test
SHP-105218,test
SHP-104742,test
SHP-101206,test
SHP-101282,test
SHP-104365,test
SHP-100019,test
SHP-100696,test
SHP-104636,test
SHP-104668,test
SHP-104105,test
SHP-100886,test
SHP-104504,test
SHP-104719,test
SHP-102910,test
SHP-100229,test
SHP-102834,test
SHP-101659,test
SHP-104654,test
SHP-100764,test
SHP-100123,test
SHP-103211,test
SHP-103476,test
SHP-105243,test
SHP-103588,test
SHP-101357,test
SHP-104314,test
SHP-104756,test
SHP-103151,test
SHP-102952,test
SHP-105787,test
SHP-104355,test
SHP-104172,test
SHP-104403,test
SHP-103407,test
SHP-102830,test
SHP-104361,test
SHP-100969,test
SHP-101714,test
SHP-102559,test
SHP-104451,test
SHP-101664,test
SHP-103140,test
SHP-104863,test
SHP-105752,test
SHP-104919,test
SHP-103217,test
SHP-103543,test
SHP-101170,test
SHP-104098,test
SHP-103532,test
SHP-103639,test
SHP-105601,test
SHP-103022,test
SHP-105312,test
SHP-104460,test
SHP-104085,test
SHP-101983,test
SHP-105212,test
SHP-105714,test
SHP-101447,test
SHP-101218,test
SHP-101016,test
SHP-102084,test
SHP-100136,test
SHP-103491,test
SHP-103615,test
SHP-104275,test
SHP-103024,test
SHP-103682,test
SHP-102816,test
SHP-104800,test
SHP-105238,test
SHP-105005,test
SHP-102329,test
SHP-102199,test
SHP-100265,test
SHP-100821,test
SHP-102251,test
SHP-101654,test
SHP-103495,test
SHP-103481,test
SHP-105893,test
SHP-103287,test
SHP-103736,test
SHP-101259,test
SHP-100965,test
SHP-100328,test
SHP-104711,test
SHP-103817,test
SHP-100164,test
SHP-100258,test
SHP-102039,test
SHP-102331,test
SHP-100305,test
SHP-105453,test
SHP-100782,test
SHP-103311,test
SHP-104887,test
SHP-105738,test
SHP-104427,test
SHP-103069,test
SHP-101910,test
SHP-105917,test
SHP-105708,test
SHP-102540,test
SHP-102075,test
SHP-104122,test
SHP-102841,test
SHP-104173,test
SHP-100406,test
SHP-104727,test
SHP-105261,test
SHP-103541,test
SHP-103121,test
SHP-103676,test
SHP-100820,test
SHP-104643,test
SHP-105472,test
SHP-100778,test
SHP-102846,test
SHP-103352,test
SHP-101488,test
SHP-100070,test
SHP-103950,test
SHP-102729,test
SHP-101997,test
SHP-102243,test
SHP-101494,test
SHP-105830,test
SHP-102133,test
SHP-105650,test
SHP-104715,test
SHP-101024,test
SHP-105477,test
SHP-102851,test
SHP-103466,test
SHP-102990,test
SHP-102396,test
SHP-105999,test
SHP-105881,test
SHP-105040,test
SHP-100098,test
SHP-102596,test
SHP-105126,test
SHP-104791,test
SHP-101737,test
SHP-103907,test
SHP-103300,test
SHP-104897,test
SHP-102407,test
SHP-103790,test
SHP-103727,test
SHP-104627,test
SHP-104476,test
SHP-104464,test
SHP-103576,test
SHP-103109,test
SHP-101695,test
SHP-105416,test
SHP-103548,test
SHP-105973,test
SHP-105763,test
SHP-102516,test
SHP-100398,test
SHP-102929,test
SHP-105622,test
SHP-103421,test
SHP-105566,test
SHP-103546,test
SHP-105428,test
SHP-104307,test
SHP-104735,test
SHP-102143,test
SHP-100439,test
SHP-103058,test
SHP-101999,test
SHP-102342,test
SHP-103911,test
SHP-103230,test
SHP-105207,test
SHP-101702,test
SHP-105790,test
SHP-100384,test
SHP-105094,test
SHP-102587,test
SHP-105819,test
SHP-100069,test
SHP-102064,test
SHP-102943,test
SHP-101892,test
SHP-102277,test
SHP-100989,test
SHP-102163,test
SHP-105866,test
SHP-101802,test
SHP-100324,test
SHP-103737,test
SHP-101619,test
SHP-100537,test
SHP-104878,test
SHP-104656,test
SHP-100335,test
SHP-102502,test
SHP-100797,test
SHP-100099,test
SHP-101485,test
SHP-104928,test
SHP-104963,test
SHP-105085,test
SHP-100952,test
SHP-105064,test
SHP-102253,test
SHP-105681,test
SHP-103139,test
SHP-104057,test
SHP-105906,test
SHP-105479,test
SHP-104540,test
SHP-101948,test
SHP-100595,test
SHP-103876,test
SHP-101015,test
SHP-100774,test
SHP-104099,test
SHP-100754,test
SHP-102295,test
SHP-100588,test
SHP-103850,test
SHP-103984,test
SHP-103227,test
SHP-104517,test
SHP-103755,test
SHP-100616,test
SHP-100784,test
SHP-102840,test
SHP-101454,test
SHP-103709,test
SHP-104533,test
SHP-100913,test
SHP-104973,test
SHP-102771,test
SHP-101903,test
SHP-105294,test
SHP-103703,test
SHP-100835,test
SHP-105253,test
SHP-100314,test
SHP-102275,test
SHP-103094,test
SHP-100055,test
SHP-101399,test
SHP-103030,test
SHP-105829,test
SHP-100181,test
SHP-104759,test
SHP-105250,test
SHP-100514,test
SHP-104659,test
SHP-102662,test
SHP-105501,test
SHP-101924,test
SHP-101339,test
SHP-105807,test
SHP-105538,test
SHP-101554,test
SHP-105511,test
SHP-100248,test
SHP-104720,test
SHP-100375,test
SHP-102113,test
SHP-103649,test
SHP-103446,test
SHP-104585,test
SHP-102375,test
SHP-102226,test
SHP-100266,test
SHP-101273,test
SHP-100657,test
SHP-102648,test
SHP-101749,test
SHP-103637,test
SHP-101655,test
SHP-100334,test
SHP-104454,test
SHP-103391,test
SHP-102773,test
SHP-103071,test
SHP-103107,test
SHP-105542,test
SHP-104064,test
SHP-103131,test
SHP-102926,test
SHP-104896,test
SHP-105383,test
SHP-100457,test
SHP-100418,test
SHP-102379,test
SHP-103759,test
SHP-104553,test
SHP-105306,test
SHP-104369,test
SHP-100843,test
SHP-102481,test
SHP-105963,test
SHP-104816,test
SHP-105760,test
SHP-100074,test
SHP-101327,test
SHP-101610,test
SHP-103366,test
SHP-103607,test
SHP-105774,test
SHP-103886,test
SHP-105367,test
SHP-101890,test
SHP-103201,test
SHP-101945,test
SHP-102853,test
SHP-100101,test
SHP-104176,test
SHP-103943,test
SHP-102530,test
SHP-104426,test
SHP-103003,test
SHP-105921,test
SHP-102207,test
SHP-103191,test
SHP-105590,test
SHP-105656,test
SHP-102259,test
SHP-105026,test
SHP-103457,test
SHP-100142,test
SHP-102755,test
SHP-103571,test
SHP-101011,test
SHP-105263,test
SHP-102985,test
SHP-104340,test
SHP-102766,test
SHP-105487,test
SHP-103867,test
SHP-103954,test
SHP-103769,test
SHP-100370,test
SHP-103356,test
SHP-101942,test
SHP-100912,test
SHP-102147,test
SHP-104456,test
SHP-101046,test
SHP-105739,test
SHP-104450,test
SHP-105977,test
SHP-102521,test
SHP-101881,test
SHP-105230,test
SHP-102191,test
SHP-101438,test
SHP-104265,test
SHP-105569,test
SHP-103268,test
SHP-102080,test
SHP-102554,test
SHP-102753,test
SHP-102139,test
SHP-100776,test
SHP-102895,test
SHP-105718,test
SHP-103123,test
SHP-103186,test
SHP-105147,test
SHP-102581,test
SHP-105149,test
SHP-102216,test
SHP-100624,test
SHP-103667,test
SHP-100254,test
SHP-101312,test
SHP-105584,test
SHP-103552,test
SHP-101520,test
SHP-101113,test
SHP-104257,test
SHP-103192,test
SHP-104690,test
SHP-103874,test
SHP-104126,test
SHP-104958,test
SHP-103732,test
SHP-100576,test
SHP-101487,test
SHP-101094,test
SHP-100103,test
SHP-103853,test
SHP-103101,test
SHP-104709,test
SHP-103011,test
SHP-105380,test
SHP-105034,test
SHP-101724,test
SHP-100583,test
SHP-105758,test
SHP-100279,test
SHP-105517,test
SHP-100910,test
SHP-100813,test
SHP-103861,test
SHP-103743,test
SHP-101443,test
SHP-105770,test
SHP-100942,test
SHP-103488,test
SHP-105859,test
SHP-102589,test
SHP-104951,test
SHP-105163,test
SHP-101043,test
SHP-101272,test
SHP-102534,test
SHP-102863,test
SHP-104621,test
SHP-104305,test
SHP-105169,test
SHP-102811,test
SHP-104023,test
SHP-100053,test
SHP-104399,test
SHP-100638,test
SHP-103433,test
SHP-101166,test
SHP-100651,test
SHP-103836,test
SHP-103473,test
SHP-105193,test
SHP-103455,test
SHP-101017,test
SHP-102141,test
SHP-103074,test
SHP-101658,test
SHP-101412,test
SHP-104246,test
SHP-105873,test
SHP-105593,test
SHP-101634,test
SHP-101197,test
SHP-104790,test
SHP-101313,test
SHP-101160,test
SHP-100078,test
SHP-101568,test
SHP-104532,test
SHP-104252,test
SHP-102883,test
SHP-103142,test
SHP-101833,test
SHP-100882,test
SHP-103154,test
SHP-105378,test
SHP-100270,test
SHP-101748,test
SHP-104670,test
SHP-103808,test
SHP-102959,test
SHP-103663,test
SHP-104372,test
SHP-103669,test
SHP-100619,test
SHP-103722,test
SHP-100811,test
SHP-104872,test
SHP-103895,test
SHP-100648,test
SHP-104400,test
SHP-100372,test
SHP-105909,test
SHP-102376,test
SHP-104596,test
SHP-100067,test
SHP-101886,test
SHP-103774,test
SHP-101735,test
SHP-103273,test
SHP-102567,test
SHP-105639,test
SHP-102743,test
SHP-100848,test
SHP-101763,test
SHP-100147,test
SHP-103012,test
SHP-103372,test
SHP-103409,test
SHP-101625,test
SHP-100240,test
SHP-105421,test
SHP-100268,test
SHP-104881,test
SHP-102044,test
SHP-104434,test
SHP-101225,test
SHP-105771,test
SHP-101964,test
SHP-100312,test
SHP-102726,test
SHP-104080,test
SHP-105560,test
SHP-102752,test
SHP-105686,test
SHP-105272,test
SHP-102056,test
SHP-101512,test
SHP-100302,test
SHP-102312,test
SHP-105460,test
SHP-104617,test
SHP-105959,test
SHP-105216,test
SHP-101427,test
SHP-105443,test
SHP-103386,test
SHP-102655,test
SHP-102510,test
SHP-105148,test
SHP-105891,test
SHP-105285,test
SHP-103656,test
SHP-104375,test
SHP-101745,test
SHP-100475,test
SHP-103499,test
SHP-105677,test
SHP-100039,test
SHP-101558,test
SHP-104042,test
SHP-101814,test
SHP-103574,test
SHP-105979,test
SHP-102015,test
SHP-102476,test
SHP-100362,test
SHP-105268,test
SHP-104136,test
SHP-105816,test
SHP-103708,test
SHP-105333,test
SHP-100997,test
SHP-104557,test
SHP-100402,test
SHP-102028,test
SHP-100211,test
SHP-101917,test
SHP-103922,test
SHP-105328,test
SHP-102923,test
SHP-101111,test
SHP-105687,test
SHP-104584,test
SHP-100780,test
SHP-104047,test
SHP-100075,test
SHP-100875,test
SHP-102059,test
SHP-100273,test
SHP-104411,test
SHP-104946,test
SHP-101710,test
SHP-104698,test
SHP-102705,test
SHP-103716,test
SHP-103105,test
SHP-101060,test
SHP-105506,test
SHP-102009,test
SHP-101728,test
SHP-103263,test
SHP-101238,test
SHP-102010,test
SHP-104205,test
SHP-102508,test
SHP-103089,test
SHP-102671,test
SHP-104614,test
SHP-104034,test
SHP-104296,test
SHP-105806,test
SHP-102437,test
SHP-103616,test
SHP-105574,test
SHP-105888,test
SHP-101126,test
SHP-104491,test
SHP-105395,test
SHP-105251,test
SHP-103841,test
SHP-100686,test
SHP-103650,test
SHP-102355,test
SHP-105461,test
SHP-105779,test
SHP-101951,test
SHP-103674,test
SHP-101264,test
SHP-100326,test
SHP-103370,test
SHP-100816,test
SHP-100594,test
SHP-105198,test
SHP-101905,test
SHP-105400,test
SHP-100881,test
SHP-103906,test
SHP-105144,test
SHP-105939,test
SHP-104438,test
SHP-102732,test
SHP-101901,test
SHP-104938,test
SHP-102947,test
SHP-101022,test
SHP-101366,test
SHP-104393,test
SHP-105633,test
SHP-105567,test
SHP-101360,test
SHP-102652,test
SHP-105225,test
SHP-100066,test
SHP-102547,test
SHP-102871,test
SHP-104111,test
SHP-100644,test
SHP-103533,test
SHP-102183,test
SHP-102360,test
SHP-105821,test
SHP-100564,test
SHP-104679,test
SHP-101123,test
SHP-103699,test
SHP-105860,test
SHP-103442,test
SHP-105304,test
SHP-104046,test
SHP-100204,test
SHP-102063,test
SHP-103319,test
SHP-100276,test
SHP-100528,test
SHP-104479,test
SHP-100280,test
SHP-102378,test
SHP-100750,test
SHP-105592,test
SHP-104350,test
SHP-103460,test
SHP-100562,test
SHP-103122,test
SHP-104500,test
SHP-104568,test
SHP-105184,test
SHP-100214,test
SHP-101828,test
SHP-105895,test
SHP-103810,test
SHP-102100,test
SHP-105689,test
SHP-101979,test
SHP-101548,test
SHP-105434,test
